"Name","Academic","EloScore","EloRank"
"Acinonyx_jubatus","High school + Middle school",1447,68
"Acinonyx_jubatus2","High school + Middle school",1652.8,172
"Acryllium_vulturinum","High school + Middle school",1472.3,114
"Aepyceros_melampus","High school + Middle school",1500,106
"Aepyceros_melampus2","High school + Middle school",1311.7,22
"Agalychnis_callidryas","High school + Middle school",1548.6,119
"Ailuropoda_melanoleuca","High school + Middle school",1391.8,52
"Ailurops_ursinus","High school + Middle school",1347.1,48
"Ailurus_fulgens","High school + Middle school",1222,15
"Alligator_mississippiensis","High school + Middle school",1809.6,211
"Amblyrhynchus_cristatus","High school + Middle school",1813.7,217
"Aonyx_cinereus","High school + Middle school",1395.9,82
"Aonyx_cinereus2","High school + Middle school",1388.5,57
"Aquila_chrysaetos","High school + Middle school",1428.3,65
"Ara_ararauna","High school + Middle school",1184.1,10
"Ara_chloropterus","High school + Middle school",1132.8,3
"Arctocephalus forsteri","High school + Middle school",1573.6,131
"Arctocephalus_forsteri2","High school + Middle school",1398.6,54
"Artibeus_planirostris","High school + Middle school",1561.9,156
"Asio_flammeus","High school + Middle school",1256.6,18
"Ateles_hybridus","High school + Middle school",1651.6,176
"Ateles_paniscus","High school + Middle school",1204.6,11
"Athene_noctua","High school + Middle school",1386.7,59
"Athene_noctua2","High school + Middle school",1458,92
"Athene_noctua3","High school + Middle school",1336.7,36
"Balaeniceps_rex","High school + Middle school",1664.7,201
"Bison_bonasus","High school + Middle school",1621.1,155
"Bison_bonasus2","High school + Middle school",1775.5,214
"Boa_constrictor","High school + Middle school",1659.4,180
"Bubo_bubo","High school + Middle school",1285.8,29
"Bubo_bubo2","High school + Middle school",1325.2,39
"Bubo_scandiacus","High school + Middle school",1341.6,44
"Bufonidae","High school + Middle school",1450.4,84
"Buprestidae","High school + Middle school",1794.5,210
"Buteo_galapagoensis","High school + Middle school",1434.7,90
"Cairina_moschata","High school + Middle school",1566.2,135
"Calliphora_vomitoria","High school + Middle school",1535.8,118
"Callithrix_argentata","High school + Middle school",1238.3,19
"Callithrix_penicillata","High school + Middle school",1285.7,27
"Calloselasma rhodostoma","High school + Middle school",1967,221
"Canis_lupus","High school + Middle school",1615.5,167
"Canis_lupus_familiaris","High school + Middle school",1458,75
"Canis_lupus_familiaris2","High school + Middle school",1188.8,7
"Carlito_syrichta","High school + Middle school",1505.9,101
"Centurio_senex","High school + Middle school",1775.1,208
"Cerdocyon_thous","High school + Middle school",1431,69
"Chelonoidis_porteri","High school + Middle school",1383.2,47
"Choloepus_didactylus","High school + Middle school",1282.7,21
"Choloepus_didactylus2","High school + Middle school",1312.8,26
"Choloepus_didactylus3","High school + Middle school",1211.4,14
"Chroicocephalus_scopulinus","High school + Middle school",1475.6,103
"Columba_livia","High school + Middle school",1352.1,58
"Conolophus_pallidus","High school + Middle school",1673.7,188
"Corvus","High school + Middle school",1417,67
"Corvus2","High school + Middle school",1324.8,45
"Crocodylus_porosus","High school + Middle school",1804.1,218
"Crocuta_crocuta","High school + Middle school",1641.5,161
"Crotalus_atrox","High school + Middle school",1827.4,215
"Crotalus2","High school + Middle school",1694.1,196
"Cryptoprocto _ferox","High school + Middle school",1450.3,81
"Cynictis_penicillata","High school + Middle school",1596,160
"Dasypus_novemcinctus","High school + Middle school",1467.6,89
"Daubentonia_madagascariensis","High school + Middle school",1508.6,116
"Dendroaspis_angusticeps","High school + Middle school",1597.5,159
"Desmodus_rotondus","High school + Middle school",1623.1,174
"Didelphis_virginiana","High school + Middle school",1510.1,120
"Equus_caballus","High school + Middle school",1215.9,12
"Eudyptes chrysolophus","High school + Middle school",1307.1,24
"Eudyptes_chrysocome","High school + Middle school",1479.7,80
"Eulemur _coronatus","High school + Middle school",1517.9,126
"Eulemur _coronatus2","High school + Middle school",1291.3,20
"Euphractus _sexcinctus","High school + Middle school",1531.4,130
"Evarcha_arcuata","High school + Middle school",1620,163
"Felis_catus","High school + Middle school",1330.3,34
"Felis_silvestris","High school + Middle school",1282.3,17
"Geronticus_eremita","High school + Middle school",1610.4,162
"Giraffa_camelopardalis_reticulata","High school + Middle school",1450,85
"Gorilla_Gorilla_Beringei","High school + Middle school",1666.7,191
"Gorilla_gorilla_gorilla","High school + Middle school",1523.5,121
"Gulo_gulo","High school + Middle school",1276.3,28
"Gulo_gulo2","High school + Middle school",1489.1,109
"Gymnogyps_californianus","High school + Middle school",1555.9,149
"Gypaetus_barbatus","High school + Middle school",1435.1,76
"Gypaetus_barbatus2","High school + Middle school",1525.5,110
"Gyps_rueppelli","High school + Middle school",1492.1,83
"Haematopus_ater","High school + Middle school",1520.6,127
"Harpia_Harpyja","High school + Middle school",1391.2,55
"Helarctos_malayanus","High school + Middle school",1687.4,179
"Hemicentetes_semispinosus","High school + Middle school",1560.8,154
"Heterocephalus_glaber","High school + Middle school",1700.8,203
"Hippopotamus_amphibius","High school + Middle school",1698.2,200
"Hyaena_hyaena","High school + Middle school",1621,165
"Hyles_euphorbiae","High school + Middle school",1694.9,194
"Hylobates_agilis","High school + Middle school",1352.9,42
"Hypsignathus_monstrosus","High school + Middle school",1638.6,171
"Iguana_iguana","High school + Middle school",1597,173
"Iguana_iguana2","High school + Middle school",1653.8,181
"Incilius_alvarius","High school + Middle school",1482.4,105
"Incilius_alvarius2","High school + Middle school",1543.9,129
"Intellagama_lesueurii","High school + Middle school",1615.1,168
"Laticauda_laticaudata","High school + Middle school",1726.2,193
"Laticauda_saintgironsi","High school + Middle school",1834.1,219
"Lemur_catta","High school + Middle school",1228.8,13
"Lemur_catta2","High school + Middle school",1380.5,53
"Leopardus_wiedii","High school + Middle school",1521.8,96
"Leptailurus_serval","High school + Middle school",1458.8,102
"Leptoptilos_crumenifer","High school + Middle school",1568.4,150
"Libellula_quadrimaculata","High school + Middle school",1408.2,99
"Litoria_infrafrenata","High school + Middle school",1477.5,98
"Loris_tardigradus","High school + Middle school",1572.6,138
"Loxodonta_africana","High school + Middle school",1426.7,63
"Lycaon_pictus","High school + Middle school",1555.2,144
"Lycaon_pictus2","High school + Middle school",1610.6,152
"Lynx_rufus","High school + Middle school",1592.2,133
"Lynx_rufus2","High school + Middle school",1665.9,182
"Macaca_fuscata","High school + Middle school",1355.1,66
"Macaca_silenus","High school + Middle school",1538.4,123
"Macronectes_halli","High school + Middle school",1561.6,151
"Macropus_rufogriseus","High school + Middle school",1450.7,87
"Malayopython_reticulatus","High school + Middle school",1755.7,205
"Malpolon_monspessulanus","High school + Middle school",1720.1,184
"Mandrillus_sphinx","High school + Middle school",1565.5,147
"Mandrillus_sphinx2","High school + Middle school",1496.7,95
"Miopithecus_ogouensis","High school + Middle school",1346.9,50
"Morelia_spilota","High school + Middle school",1725.7,204
"Mungos_mungo","High school + Middle school",1476.2,91
"Muscardinus_avellanarius","High school + Middle school",1184.8,9
"Mygale","High school + Middle school",1848.8,220
"Myocastor_coypus","High school + Middle school",1330.5,41
"Naja_naja","High school + Middle school",1693.5,202
"Nasua_narica","High school + Middle school",1353.8,40
"Nasua_nasua","High school + Middle school",1428.3,73
"Necrosyrtes_monachus","High school + Middle school",1670.2,190
"Neofelis_nebulosa","High school + Middle school",1518.3,136
"Nestor_meridionalis","High school + Middle school",1490.1,111
"Notechis_scutatus","High school + Middle school",1610.5,177
"Numida_meleagris","High school + Middle school",1629.6,153
"Nyctereutes_procyonoides","High school + Middle school",1398.2,64
"Odonata","High school + Middle school",1512.2,100
"Odonata2","High school + Middle school",1536.8,142
"Oryctolagus_cuniculus","High school + Middle school",1169.9,4
"Oryctolagus_cuniculus2","High school + Middle school",979.2,1
"Otocolobus_manul","High school + Middle school",1410.8,49
"Pamphagidae","High school + Middle school",1423.2,71
"Pan_paniscus","High school + Middle school",1504,104
"Pan_paniscus2","High school + Middle school",1461.4,97
"Pan_paniscus3","High school + Middle school",1473.5,107
"Pan_paniscus4","High school + Middle school",1399.4,62
"Pan_troglodytes","High school + Middle school",1421.5,88
"Pan_troglodytes2","High school + Middle school",1445,78
"Panthera_leo","High school + Middle school",1659,178
"Panthera_leo2","High school + Middle school",1563.1,125
"Panthera_leo3","High school + Middle school",1763,212
"Panthera_onca","High school + Middle school",1679.5,189
"Panthera_onca_2","High school + Middle school",1597.5,140
"Panthera_onca3","High school + Middle school",1651.4,183
"Panthera_pardus","High school + Middle school",1709.2,198
"Panthera_pardus_3","High school + Middle school",1615.9,170
"Panthera_pardus2","High school + Middle school",1632.1,169
"Panthera_tigris2","High school + Middle school",1684.3,197
"Panthera_uncia","High school + Middle school",1646.1,187
"Papillon","High school + Middle school",1444.8,77
"Papio_hamadryas","High school + Middle school",1464.3,94
"Pardofelis_temminckii","High school + Middle school",1310.8,38
"Petroica_macrocephala","High school + Middle school",1190.4,8
"Phacochoerus_africanus","High school + Middle school",1604.4,158
"Phascolarctos_cinereus","High school + Middle school",1283.5,23
"Phascolarctos_cinereus2","High school + Middle school",1102.5,2
"Pholcus_phalangioides","High school + Middle school",1833.3,216
"Pithecia pithecia","High school + Middle school",1550.5,134
"Pithecia pithecia2","High school + Middle school",1351.8,51
"Plathyrrhinus_fusciventris","High school + Middle school",1563.6,137
"Podarcis_muralis","High school + Middle school",1753.9,206
"Pogona_vitticeps","High school + Middle school",1401.8,56
"Porphyrio_hochstetteri","High school + Middle school",1605,164
"Procyon_lotor","High school + Middle school",1452.7,60
"Propithecus_coquereli","High school + Middle school",1170.4,5
"Propithecus_verreauxi","High school + Middle school",1396.9,61
"Psittacus_erithacus","High school + Middle school",1337,31
"Pteropus_conspicillatus","High school + Middle school",1318.2,37
"Puma_concolor","High school + Middle school",1582.3,157
"Python_bivittatus","High school + Middle school",1705.7,186
"Python_regius","High school + Middle school",1799.2,213
"Rattus_norvegicus","High school + Middle school",1391.8,79
"Rhinopithecus_roxellana","High school + Middle school",1254.1,16
"Rhyticeros_cassidix","High school + Middle school",1571.6,143
"Romalea_microptera","High school + Middle school",1375.3,70
"Saiga_tatarica","High school + Middle school",1514.7,113
"Sarcophilus_harrisii","High school + Middle school",1588.6,141
"Spalax","High school + Middle school",1438,93
"Spheniscus_humboldti","High school + Middle school",1290.5,30
"Stephanoaetus_coronatus","High school + Middle school",1615.9,175
"Strophurus","High school + Middle school",1560.3,128
"Struthio_camelus","High school + Middle school",1513.9,132
"Sula_nebouxii","High school + Middle school",1416.9,74
"Sula_sula","High school + Middle school",1469,108
"Suricata_suricatta","High school + Middle school",1178.8,6
"Sus_scrofa","High school + Middle school",1550.8,117
"Tapirus_indicus","High school + Middle school",1452.9,86
"Taricha_torosa","High school + Middle school",1537.2,112
"Tauraco_leucotis","High school + Middle school",1301,25
"Testudo_hermanni","High school + Middle school",1347.6,43
"Thalassarche_cauta","High school + Middle school",1564.7,146
"Theropithecus_gelada","High school + Middle school",1728.7,209
"Thomisus_onustus","High school + Middle school",1583.6,145
"Tockus_flavirostris","High school + Middle school",1589.8,139
"Trichosurus_vulpecula","High school + Middle school",1499.6,115
"Ursus_arctos_horribilis","High school + Middle school",1690.8,185
"Ursus_maritimus","High school + Middle school",1546.5,124
"Ursus_thibetanus","High school + Middle school",1594.3,148
"Varecia_rubra","High school + Middle school",1541.3,122
"Varecia_variegata","High school + Middle school",1392.2,46
"Vespula_germanica","High school + Middle school",1640,192
"Vicugna_pacos","High school + Middle school",1314,32
"Vicugna_pacos2","High school + Middle school",1294.8,35
"Vicugna_vicugna","High school + Middle school",1310.6,33
"Vipera_ammodytes","High school + Middle school",1649.9,166
"Vipera_aspis","High school + Middle school",1776.2,207
"Vulpes_zerda","High school + Middle school",1386.9,72
"Zamenis_longissimus","High school + Middle school",1663.7,195
"Zoropsis_spinimana","High school + Middle school",1718.4,199
"Acinonyx_jubatus","High school diploma",1604,144
"Acinonyx_jubatus2","High school diploma",1771.8,203
"Acryllium_vulturinum","High school diploma",1581.5,134
"Aepyceros_melampus","High school diploma",1235.5,18
"Aepyceros_melampus2","High school diploma",1241.7,27
"Agalychnis_callidryas","High school diploma",1491.6,105
"Ailuropoda_melanoleuca","High school diploma",1280.4,43
"Ailurops_ursinus","High school diploma",1213.8,29
"Ailurus_fulgens","High school diploma",1247.7,35
"Alligator_mississippiensis","High school diploma",2013.6,221
"Amblyrhynchus_cristatus","High school diploma",1583.8,159
"Aonyx_cinereus","High school diploma",1233.9,17
"Aonyx_cinereus2","High school diploma",1212.6,14
"Aquila_chrysaetos","High school diploma",1568.5,149
"Ara_ararauna","High school diploma",1277.1,32
"Ara_chloropterus","High school diploma",1156.7,7
"Arctocephalus forsteri","High school diploma",1566,127
"Arctocephalus_forsteri2","High school diploma",1295.7,60
"Artibeus_planirostris","High school diploma",1564.3,140
"Asio_flammeus","High school diploma",1393.7,61
"Ateles_hybridus","High school diploma",1390.4,59
"Ateles_paniscus","High school diploma",1290.7,26
"Athene_noctua","High school diploma",1294.3,31
"Athene_noctua2","High school diploma",1153.9,16
"Athene_noctua3","High school diploma",1318.5,58
"Balaeniceps_rex","High school diploma",1545.5,122
"Bison_bonasus","High school diploma",1787.2,215
"Bison_bonasus2","High school diploma",1604.5,147
"Boa_constrictor","High school diploma",1864.8,219
"Bubo_bubo","High school diploma",1271.9,37
"Bubo_bubo2","High school diploma",1265.8,39
"Bubo_scandiacus","High school diploma",1315,34
"Bufonidae","High school diploma",1492.7,100
"Buprestidae","High school diploma",1765.4,212
"Buteo_galapagoensis","High school diploma",1580.2,125
"Cairina_moschata","High school diploma",1539.7,123
"Calliphora_vomitoria","High school diploma",1638.6,154
"Callithrix_argentata","High school diploma",1431.8,94
"Callithrix_penicillata","High school diploma",1281.1,28
"Calloselasma rhodostoma","High school diploma",1731.9,196
"Canis_lupus","High school diploma",1619,148
"Canis_lupus_familiaris","High school diploma",1366.5,62
"Canis_lupus_familiaris2","High school diploma",1255.6,30
"Carlito_syrichta","High school diploma",1321,44
"Centurio_senex","High school diploma",1639.2,175
"Cerdocyon_thous","High school diploma",1373.4,67
"Chelonoidis_porteri","High school diploma",1299.8,48
"Choloepus_didactylus","High school diploma",1372.5,64
"Choloepus_didactylus2","High school diploma",1301.8,21
"Choloepus_didactylus3","High school diploma",1376.3,63
"Chroicocephalus_scopulinus","High school diploma",1308.4,47
"Columba_livia","High school diploma",1186.7,15
"Conolophus_pallidus","High school diploma",1737.9,184
"Corvus","High school diploma",1466.5,117
"Corvus2","High school diploma",1384.4,46
"Crocodylus_porosus","High school diploma",1811,217
"Crocuta_crocuta","High school diploma",1698.7,186
"Crotalus_atrox","High school diploma",1683,168
"Crotalus2","High school diploma",1840,214
"Cryptoprocto _ferox","High school diploma",1518.8,119
"Cynictis_penicillata","High school diploma",1493.5,114
"Dasypus_novemcinctus","High school diploma",1480,82
"Daubentonia_madagascariensis","High school diploma",1578.5,133
"Dendroaspis_angusticeps","High school diploma",1728.2,187
"Desmodus_rotondus","High school diploma",1605.1,161
"Didelphis_virginiana","High school diploma",1478,95
"Equus_caballus","High school diploma",1214.9,19
"Eudyptes chrysolophus","High school diploma",1230.6,20
"Eudyptes_chrysocome","High school diploma",1441.8,79
"Eulemur _coronatus","High school diploma",1351.3,51
"Eulemur _coronatus2","High school diploma",1328.2,66
"Euphractus _sexcinctus","High school diploma",1482.7,126
"Evarcha_arcuata","High school diploma",1759.3,197
"Felis_catus","High school diploma",1248.3,22
"Felis_silvestris","High school diploma",1131.8,8
"Geronticus_eremita","High school diploma",1433.5,75
"Giraffa_camelopardalis_reticulata","High school diploma",1375.9,38
"Gorilla_Gorilla_Beringei","High school diploma",1611.9,139
"Gorilla_gorilla_gorilla","High school diploma",1639.9,171
"Gulo_gulo","High school diploma",1397.8,57
"Gulo_gulo2","High school diploma",1507.8,110
"Gymnogyps_californianus","High school diploma",1594,137
"Gypaetus_barbatus","High school diploma",1487.3,103
"Gypaetus_barbatus2","High school diploma",1551.6,130
"Gyps_rueppelli","High school diploma",1629.7,138
"Haematopus_ater","High school diploma",1351.3,73
"Harpia_Harpyja","High school diploma",1485.5,112
"Helarctos_malayanus","High school diploma",1577.9,146
"Hemicentetes_semispinosus","High school diploma",1574.3,132
"Heterocephalus_glaber","High school diploma",1581.2,150
"Hippopotamus_amphibius","High school diploma",1637.3,170
"Hyaena_hyaena","High school diploma",1698.2,183
"Hyles_euphorbiae","High school diploma",1609.1,157
"Hylobates_agilis","High school diploma",1497.5,99
"Hypsignathus_monstrosus","High school diploma",1761.2,195
"Iguana_iguana","High school diploma",1547,135
"Iguana_iguana2","High school diploma",1564.4,141
"Incilius_alvarius","High school diploma",1484,121
"Incilius_alvarius2","High school diploma",1429.1,77
"Intellagama_lesueurii","High school diploma",1574.6,156
"Laticauda_laticaudata","High school diploma",1773.4,194
"Laticauda_saintgironsi","High school diploma",1788.3,205
"Lemur_catta","High school diploma",1458.2,84
"Lemur_catta2","High school diploma",1369.9,50
"Leopardus_wiedii","High school diploma",1465,78
"Leptailurus_serval","High school diploma",1457.7,116
"Leptoptilos_crumenifer","High school diploma",1634.7,180
"Libellula_quadrimaculata","High school diploma",1554.6,129
"Litoria_infrafrenata","High school diploma",1386.7,68
"Loris_tardigradus","High school diploma",1095.3,6
"Loxodonta_africana","High school diploma",1496.1,80
"Lycaon_pictus","High school diploma",1742.4,189
"Lycaon_pictus2","High school diploma",1797.4,206
"Lynx_rufus","High school diploma",1620.3,167
"Lynx_rufus2","High school diploma",1618.1,152
"Macaca_fuscata","High school diploma",1508.8,102
"Macaca_silenus","High school diploma",1426.4,88
"Macronectes_halli","High school diploma",1657.4,158
"Macropus_rufogriseus","High school diploma",1447.4,93
"Malayopython_reticulatus","High school diploma",1797.4,201
"Malpolon_monspessulanus","High school diploma",1751.4,209
"Mandrillus_sphinx","High school diploma",1690.5,160
"Mandrillus_sphinx2","High school diploma",1472.3,101
"Miopithecus_ogouensis","High school diploma",1322.8,53
"Morelia_spilota","High school diploma",1694.1,190
"Mungos_mungo","High school diploma",1700.7,181
"Muscardinus_avellanarius","High school diploma",1084.4,9
"Mygale","High school diploma",1779.1,192
"Myocastor_coypus","High school diploma",1302.6,41
"Naja_naja","High school diploma",1759.9,208
"Nasua_narica","High school diploma",1597.6,113
"Nasua_nasua","High school diploma",1434.3,91
"Necrosyrtes_monachus","High school diploma",1453.2,81
"Neofelis_nebulosa","High school diploma",1542.4,131
"Nestor_meridionalis","High school diploma",1297.5,40
"Notechis_scutatus","High school diploma",1769.8,198
"Numida_meleagris","High school diploma",1481,104
"Nyctereutes_procyonoides","High school diploma",1435.8,86
"Odonata","High school diploma",1531.8,111
"Odonata2","High school diploma",1486.4,108
"Oryctolagus_cuniculus","High school diploma",1059.1,5
"Oryctolagus_cuniculus2","High school diploma",952.4,1
"Otocolobus_manul","High school diploma",1562.9,145
"Pamphagidae","High school diploma",1588.1,143
"Pan_paniscus","High school diploma",1404.2,42
"Pan_paniscus2","High school diploma",1526.7,71
"Pan_paniscus3","High school diploma",1374.2,85
"Pan_paniscus4","High school diploma",1279.1,25
"Pan_troglodytes","High school diploma",1429.2,97
"Pan_troglodytes2","High school diploma",1265.1,24
"Panthera_leo","High school diploma",1731.2,200
"Panthera_leo2","High school diploma",1586.4,153
"Panthera_leo3","High school diploma",1606.5,173
"Panthera_onca","High school diploma",1805.2,199
"Panthera_onca_2","High school diploma",1637.4,185
"Panthera_onca3","High school diploma",1958.9,220
"Panthera_pardus","High school diploma",1713,182
"Panthera_pardus_3","High school diploma",1793.1,213
"Panthera_pardus2","High school diploma",1655.2,172
"Panthera_tigris2","High school diploma",1730,191
"Panthera_uncia","High school diploma",1664.2,179
"Papillon","High school diploma",1586.5,151
"Papio_hamadryas","High school diploma",1668,166
"Pardofelis_temminckii","High school diploma",1544.3,115
"Petroica_macrocephala","High school diploma",1070.8,4
"Phacochoerus_africanus","High school diploma",1796.3,207
"Phascolarctos_cinereus","High school diploma",1053,2
"Phascolarctos_cinereus2","High school diploma",1065.2,3
"Pholcus_phalangioides","High school diploma",1834.5,218
"Pithecia pithecia","High school diploma",1513.2,124
"Pithecia pithecia2","High school diploma",1549.2,142
"Plathyrrhinus_fusciventris","High school diploma",1573.7,136
"Podarcis_muralis","High school diploma",1679.2,164
"Pogona_vitticeps","High school diploma",1414.2,70
"Porphyrio_hochstetteri","High school diploma",1580.5,128
"Procyon_lotor","High school diploma",1395.1,54
"Propithecus_coquereli","High school diploma",1335.6,52
"Propithecus_verreauxi","High school diploma",1419.5,72
"Psittacus_erithacus","High school diploma",1171.1,11
"Pteropus_conspicillatus","High school diploma",1402.3,45
"Puma_concolor","High school diploma",1684.6,169
"Python_bivittatus","High school diploma",1631.5,155
"Python_regius","High school diploma",1717.2,188
"Rattus_norvegicus","High school diploma",1379.7,55
"Rhinopithecus_roxellana","High school diploma",1185.1,10
"Rhyticeros_cassidix","High school diploma",1500.6,96
"Romalea_microptera","High school diploma",1715.2,193
"Saiga_tatarica","High school diploma",1411.3,90
"Sarcophilus_harrisii","High school diploma",1478.2,107
"Spalax","High school diploma",1622,163
"Spheniscus_humboldti","High school diploma",1242.7,23
"Stephanoaetus_coronatus","High school diploma",1476.9,120
"Strophurus","High school diploma",1547,109
"Struthio_camelus","High school diploma",1662.6,176
"Sula_nebouxii","High school diploma",1385.6,56
"Sula_sula","High school diploma",1440,98
"Suricata_suricatta","High school diploma",1277.6,49
"Sus_scrofa","High school diploma",1457.3,87
"Tapirus_indicus","High school diploma",1307.4,33
"Taricha_torosa","High school diploma",1504.6,106
"Tauraco_leucotis","High school diploma",1312.5,36
"Testudo_hermanni","High school diploma",1151.8,13
"Thalassarche_cauta","High school diploma",1513.4,118
"Theropithecus_gelada","High school diploma",1877.8,216
"Thomisus_onustus","High school diploma",1664.7,178
"Tockus_flavirostris","High school diploma",1411.9,89
"Trichosurus_vulpecula","High school diploma",1429.2,92
"Ursus_arctos_horribilis","High school diploma",1742.3,174
"Ursus_maritimus","High school diploma",1612.8,162
"Ursus_thibetanus","High school diploma",1650.5,165
"Varecia_rubra","High school diploma",1387.6,76
"Varecia_variegata","High school diploma",1415.4,83
"Vespula_germanica","High school diploma",1810.5,211
"Vicugna_pacos","High school diploma",1388.8,69
"Vicugna_pacos2","High school diploma",1372.8,74
"Vicugna_vicugna","High school diploma",1202.2,12
"Vipera_ammodytes","High school diploma",1674.3,177
"Vipera_aspis","High school diploma",1784,210
"Vulpes_zerda","High school diploma",1359.2,65
"Zamenis_longissimus","High school diploma",1835.4,204
"Zoropsis_spinimana","High school diploma",1805.9,202
"Acinonyx_jubatus","Kindergarten + Primary school",1376.2,27
"Acinonyx_jubatus2","Kindergarten + Primary school",1610,190
"Acryllium_vulturinum","Kindergarten + Primary school",1521.8,104
"Aepyceros_melampus","Kindergarten + Primary school",1463.7,84
"Aepyceros_melampus2","Kindergarten + Primary school",1312.8,6
"Agalychnis_callidryas","Kindergarten + Primary school",1394.6,43
"Ailuropoda_melanoleuca","Kindergarten + Primary school",1288.7,4
"Ailurops_ursinus","Kindergarten + Primary school",1420.4,53
"Ailurus_fulgens","Kindergarten + Primary school",1341.4,17
"Alligator_mississippiensis","Kindergarten + Primary school",1576.9,169
"Amblyrhynchus_cristatus","Kindergarten + Primary school",1601.4,183
"Aonyx_cinereus","Kindergarten + Primary school",1319.1,10
"Aonyx_cinereus2","Kindergarten + Primary school",1409.2,50
"Aquila_chrysaetos","Kindergarten + Primary school",1552.5,153
"Ara_ararauna","Kindergarten + Primary school",1405.4,47
"Ara_chloropterus","Kindergarten + Primary school",1451.9,79
"Arctocephalus forsteri","Kindergarten + Primary school",1329.5,13
"Arctocephalus_forsteri2","Kindergarten + Primary school",1516.7,137
"Artibeus_planirostris","Kindergarten + Primary school",1502,111
"Asio_flammeus","Kindergarten + Primary school",NA,NA
"Ateles_hybridus","Kindergarten + Primary school",1591.7,177
"Ateles_paniscus","Kindergarten + Primary school",1564.6,171
"Athene_noctua","Kindergarten + Primary school",1325.1,14
"Athene_noctua2","Kindergarten + Primary school",1455.7,69
"Athene_noctua3","Kindergarten + Primary school",1530.6,143
"Balaeniceps_rex","Kindergarten + Primary school",1474.9,109
"Bison_bonasus","Kindergarten + Primary school",1634.3,199
"Bison_bonasus2","Kindergarten + Primary school",1464,82
"Boa_constrictor","Kindergarten + Primary school",1624.1,200
"Bubo_bubo","Kindergarten + Primary school",1558.7,166
"Bubo_bubo2","Kindergarten + Primary school",1432.5,55
"Bubo_scandiacus","Kindergarten + Primary school",1505.1,110
"Bufonidae","Kindergarten + Primary school",1672.5,206
"Buprestidae","Kindergarten + Primary school",1530.6,151
"Buteo_galapagoensis","Kindergarten + Primary school",1449.7,67
"Cairina_moschata","Kindergarten + Primary school",1508.5,119
"Calliphora_vomitoria","Kindergarten + Primary school",1559.3,160
"Callithrix_argentata","Kindergarten + Primary school",1550.8,150
"Callithrix_penicillata","Kindergarten + Primary school",1446.2,68
"Calloselasma rhodostoma","Kindergarten + Primary school",1648.4,209
"Canis_lupus","Kindergarten + Primary school",1334.5,11
"Canis_lupus_familiaris","Kindergarten + Primary school",1446.3,65
"Canis_lupus_familiaris2","Kindergarten + Primary school",1491.2,103
"Carlito_syrichta","Kindergarten + Primary school",1374.3,28
"Centurio_senex","Kindergarten + Primary school",1768.8,220
"Cerdocyon_thous","Kindergarten + Primary school",1441.6,36
"Chelonoidis_porteri","Kindergarten + Primary school",1401.5,42
"Choloepus_didactylus","Kindergarten + Primary school",1513.5,127
"Choloepus_didactylus2","Kindergarten + Primary school",1564.6,152
"Choloepus_didactylus3","Kindergarten + Primary school",1357.6,24
"Chroicocephalus_scopulinus","Kindergarten + Primary school",1507,108
"Columba_livia","Kindergarten + Primary school",1428.9,58
"Conolophus_pallidus","Kindergarten + Primary school",1536.5,130
"Corvus","Kindergarten + Primary school",1456.3,81
"Corvus2","Kindergarten + Primary school",1458.1,83
"Crocodylus_porosus","Kindergarten + Primary school",1532.6,138
"Crocuta_crocuta","Kindergarten + Primary school",1571,167
"Crotalus_atrox","Kindergarten + Primary school",1546.8,141
"Crotalus2","Kindergarten + Primary school",1399,46
"Cryptoprocto _ferox","Kindergarten + Primary school",1421.1,44
"Cynictis_penicillata","Kindergarten + Primary school",1451.2,73
"Dasypus_novemcinctus","Kindergarten + Primary school",1472.1,92
"Daubentonia_madagascariensis","Kindergarten + Primary school",1508.5,118
"Dendroaspis_angusticeps","Kindergarten + Primary school",1714.4,217
"Desmodus_rotondus","Kindergarten + Primary school",1400.8,38
"Didelphis_virginiana","Kindergarten + Primary school",1473.8,89
"Equus_caballus","Kindergarten + Primary school",1391.7,35
"Eudyptes chrysolophus","Kindergarten + Primary school",1357.6,23
"Eudyptes_chrysocome","Kindergarten + Primary school",1532.1,128
"Eulemur _coronatus","Kindergarten + Primary school",1546.5,139
"Eulemur _coronatus2","Kindergarten + Primary school",1280.5,5
"Euphractus _sexcinctus","Kindergarten + Primary school",1465.9,75
"Evarcha_arcuata","Kindergarten + Primary school",1529.6,134
"Felis_catus","Kindergarten + Primary school",1500.1,107
"Felis_silvestris","Kindergarten + Primary school",1414.4,54
"Geronticus_eremita","Kindergarten + Primary school",1539.6,131
"Giraffa_camelopardalis_reticulata","Kindergarten + Primary school",1478.1,94
"Gorilla_Gorilla_Beringei","Kindergarten + Primary school",1536.7,132
"Gorilla_gorilla_gorilla","Kindergarten + Primary school",1585.6,181
"Gulo_gulo","Kindergarten + Primary school",1495.6,105
"Gulo_gulo2","Kindergarten + Primary school",1515.3,106
"Gymnogyps_californianus","Kindergarten + Primary school",1623.7,193
"Gypaetus_barbatus","Kindergarten + Primary school",1531.4,129
"Gypaetus_barbatus2","Kindergarten + Primary school",1470.2,85
"Gyps_rueppelli","Kindergarten + Primary school",1467.8,100
"Haematopus_ater","Kindergarten + Primary school",1449,74
"Harpia_Harpyja","Kindergarten + Primary school",1553.2,156
"Helarctos_malayanus","Kindergarten + Primary school",1484.6,96
"Hemicentetes_semispinosus","Kindergarten + Primary school",1497,99
"Heterocephalus_glaber","Kindergarten + Primary school",1544.7,135
"Hippopotamus_amphibius","Kindergarten + Primary school",1514.4,117
"Hyaena_hyaena","Kindergarten + Primary school",1656,205
"Hyles_euphorbiae","Kindergarten + Primary school",1459.7,76
"Hylobates_agilis","Kindergarten + Primary school",1353.8,20
"Hypsignathus_monstrosus","Kindergarten + Primary school",1573.1,164
"Iguana_iguana","Kindergarten + Primary school",1549.4,159
"Iguana_iguana2","Kindergarten + Primary school",1594.2,179
"Incilius_alvarius","Kindergarten + Primary school",1536.8,124
"Incilius_alvarius2","Kindergarten + Primary school",1468.3,93
"Intellagama_lesueurii","Kindergarten + Primary school",1406.8,33
"Laticauda_laticaudata","Kindergarten + Primary school",1582.8,173
"Laticauda_saintgironsi","Kindergarten + Primary school",1582.6,176
"Lemur_catta","Kindergarten + Primary school",1403,39
"Lemur_catta2","Kindergarten + Primary school",1381.5,32
"Leopardus_wiedii","Kindergarten + Primary school",1398.7,31
"Leptailurus_serval","Kindergarten + Primary school",1475.9,91
"Leptoptilos_crumenifer","Kindergarten + Primary school",1537.3,133
"Libellula_quadrimaculata","Kindergarten + Primary school",1608.4,189
"Litoria_infrafrenata","Kindergarten + Primary school",1338.8,16
"Loris_tardigradus","Kindergarten + Primary school",1335.4,12
"Loxodonta_africana","Kindergarten + Primary school",1471.5,90
"Lycaon_pictus","Kindergarten + Primary school",1521.4,122
"Lycaon_pictus2","Kindergarten + Primary school",1492.7,101
"Lynx_rufus","Kindergarten + Primary school",1543.6,147
"Lynx_rufus2","Kindergarten + Primary school",1541.9,146
"Macaca_fuscata","Kindergarten + Primary school",1504.2,113
"Macaca_silenus","Kindergarten + Primary school",1456.3,78
"Macronectes_halli","Kindergarten + Primary school",1759.7,219
"Macropus_rufogriseus","Kindergarten + Primary school",1415.9,51
"Malayopython_reticulatus","Kindergarten + Primary school",1436.6,63
"Malpolon_monspessulanus","Kindergarten + Primary school",1437.1,57
"Mandrillus_sphinx","Kindergarten + Primary school",1510.6,112
"Mandrillus_sphinx2","Kindergarten + Primary school",1562.8,161
"Miopithecus_ogouensis","Kindergarten + Primary school",1538.2,142
"Morelia_spilota","Kindergarten + Primary school",1631.6,202
"Mungos_mungo","Kindergarten + Primary school",1503,116
"Muscardinus_avellanarius","Kindergarten + Primary school",1373,29
"Mygale","Kindergarten + Primary school",1727.9,218
"Myocastor_coypus","Kindergarten + Primary school",1572.9,178
"Naja_naja","Kindergarten + Primary school",1701.6,211
"Nasua_narica","Kindergarten + Primary school",1550.9,162
"Nasua_nasua","Kindergarten + Primary school",1415,52
"Necrosyrtes_monachus","Kindergarten + Primary school",1391.8,37
"Neofelis_nebulosa","Kindergarten + Primary school",1526.3,120
"Nestor_meridionalis","Kindergarten + Primary school",1370.8,25
"Notechis_scutatus","Kindergarten + Primary school",1685.2,214
"Numida_meleagris","Kindergarten + Primary school",1458.3,80
"Nyctereutes_procyonoides","Kindergarten + Primary school",1485.5,97
"Odonata","Kindergarten + Primary school",1579.5,175
"Odonata2","Kindergarten + Primary school",1615.4,188
"Oryctolagus_cuniculus","Kindergarten + Primary school",1379.7,30
"Oryctolagus_cuniculus2","Kindergarten + Primary school",1407.2,41
"Otocolobus_manul","Kindergarten + Primary school",1549.3,140
"Pamphagidae","Kindergarten + Primary school",1599.7,184
"Pan_paniscus","Kindergarten + Primary school",1650.2,203
"Pan_paniscus2","Kindergarten + Primary school",1434,61
"Pan_paniscus3","Kindergarten + Primary school",1698.1,215
"Pan_paniscus4","Kindergarten + Primary school",1595.7,182
"Pan_troglodytes","Kindergarten + Primary school",1566.9,174
"Pan_troglodytes2","Kindergarten + Primary school",1454.3,70
"Panthera_leo","Kindergarten + Primary school",1413.9,49
"Panthera_leo2","Kindergarten + Primary school",1571.8,180
"Panthera_leo3","Kindergarten + Primary school",1505.2,115
"Panthera_onca","Kindergarten + Primary school",1406.6,59
"Panthera_onca_2","Kindergarten + Primary school",1392.5,34
"Panthera_onca3","Kindergarten + Primary school",1586.9,172
"Panthera_pardus","Kindergarten + Primary school",1559.9,155
"Panthera_pardus_3","Kindergarten + Primary school",1575.5,168
"Panthera_pardus2","Kindergarten + Primary school",1581.1,163
"Panthera_tigris2","Kindergarten + Primary school",1537.7,144
"Panthera_uncia","Kindergarten + Primary school",1448.1,56
"Papillon","Kindergarten + Primary school",1645.6,198
"Papio_hamadryas","Kindergarten + Primary school",1531.4,149
"Pardofelis_temminckii","Kindergarten + Primary school",1426.9,60
"Petroica_macrocephala","Kindergarten + Primary school",1265.7,2
"Phacochoerus_africanus","Kindergarten + Primary school",1634.4,197
"Phascolarctos_cinereus","Kindergarten + Primary school",1319.1,9
"Phascolarctos_cinereus2","Kindergarten + Primary school",1271.5,3
"Pholcus_phalangioides","Kindergarten + Primary school",1462.5,88
"Pithecia pithecia","Kindergarten + Primary school",1595.3,187
"Pithecia pithecia2","Kindergarten + Primary school",1622,191
"Plathyrrhinus_fusciventris","Kindergarten + Primary school",1365.6,21
"Podarcis_muralis","Kindergarten + Primary school",1553.9,158
"Pogona_vitticeps","Kindergarten + Primary school",1388.6,40
"Porphyrio_hochstetteri","Kindergarten + Primary school",1564.9,170
"Procyon_lotor","Kindergarten + Primary school",1444.9,62
"Propithecus_coquereli","Kindergarten + Primary school",1452.5,72
"Propithecus_verreauxi","Kindergarten + Primary school",1402.5,48
"Psittacus_erithacus","Kindergarten + Primary school",1354.3,22
"Pteropus_conspicillatus","Kindergarten + Primary school",1530.4,126
"Puma_concolor","Kindergarten + Primary school",1453.9,66
"Python_bivittatus","Kindergarten + Primary school",1523,121
"Python_regius","Kindergarten + Primary school",1679.8,210
"Rattus_norvegicus","Kindergarten + Primary school",1345.9,18
"Rhinopithecus_roxellana","Kindergarten + Primary school",1578.2,157
"Rhyticeros_cassidix","Kindergarten + Primary school",1545.6,148
"Romalea_microptera","Kindergarten + Primary school",1470.7,98
"Saiga_tatarica","Kindergarten + Primary school",1657.4,208
"Sarcophilus_harrisii","Kindergarten + Primary school",1520.3,114
"Spalax","Kindergarten + Primary school",1644.5,204
"Spheniscus_humboldti","Kindergarten + Primary school",1401.5,45
"Stephanoaetus_coronatus","Kindergarten + Primary school",1494.1,102
"Strophurus","Kindergarten + Primary school",1600.2,165
"Struthio_camelus","Kindergarten + Primary school",1344.4,15
"Sula_nebouxii","Kindergarten + Primary school",1443.4,64
"Sula_sula","Kindergarten + Primary school",1310.6,7
"Suricata_suricatta","Kindergarten + Primary school",1446.1,71
"Sus_scrofa","Kindergarten + Primary school",1627.7,192
"Tapirus_indicus","Kindergarten + Primary school",1345.5,19
"Taricha_torosa","Kindergarten + Primary school",1490.8,95
"Tauraco_leucotis","Kindergarten + Primary school",1472,87
"Testudo_hermanni","Kindergarten + Primary school",1232.9,1
"Thalassarche_cauta","Kindergarten + Primary school",1707.2,216
"Theropithecus_gelada","Kindergarten + Primary school",1696.6,212
"Thomisus_onustus","Kindergarten + Primary school",1629.7,194
"Tockus_flavirostris","Kindergarten + Primary school",1626.3,195
"Trichosurus_vulpecula","Kindergarten + Primary school",1541.1,123
"Ursus_arctos_horribilis","Kindergarten + Primary school",1627.5,186
"Ursus_maritimus","Kindergarten + Primary school",1651.1,207
"Ursus_thibetanus","Kindergarten + Primary school",1629.8,196
"Varecia_rubra","Kindergarten + Primary school",1544.5,154
"Varecia_variegata","Kindergarten + Primary school",1541.1,136
"Vespula_germanica","Kindergarten + Primary school",1628.9,201
"Vicugna_pacos","Kindergarten + Primary school",1552.3,145
"Vicugna_pacos2","Kindergarten + Primary school",1312,8
"Vicugna_vicugna","Kindergarten + Primary school",1456.8,77
"Vipera_ammodytes","Kindergarten + Primary school",1676.6,213
"Vipera_aspis","Kindergarten + Primary school",1477.1,86
"Vulpes_zerda","Kindergarten + Primary school",1373.4,26
"Zamenis_longissimus","Kindergarten + Primary school",1524.9,125
"Zoropsis_spinimana","Kindergarten + Primary school",1605.8,185
"Acinonyx_jubatus","Master's degree",1609.3,154
"Acinonyx_jubatus2","Master's degree",1638.6,176
"Acryllium_vulturinum","Master's degree",1560.6,120
"Aepyceros_melampus","Master's degree",1387.5,73
"Aepyceros_melampus2","Master's degree",1279.1,50
"Agalychnis_callidryas","Master's degree",1460.1,92
"Ailuropoda_melanoleuca","Master's degree",1322.6,56
"Ailurops_ursinus","Master's degree",1399.9,58
"Ailurus_fulgens","Master's degree",1183.7,13
"Alligator_mississippiensis","Master's degree",1931.9,219
"Amblyrhynchus_cristatus","Master's degree",1677.4,186
"Aonyx_cinereus","Master's degree",1195.2,16
"Aonyx_cinereus2","Master's degree",1306.7,36
"Aquila_chrysaetos","Master's degree",1466.7,91
"Ara_ararauna","Master's degree",1224.5,17
"Ara_chloropterus","Master's degree",1232,27
"Arctocephalus forsteri","Master's degree",1517.7,162
"Arctocephalus_forsteri2","Master's degree",1307.1,35
"Artibeus_planirostris","Master's degree",1495.4,103
"Asio_flammeus","Master's degree",1259.3,29
"Ateles_hybridus","Master's degree",1514.5,125
"Ateles_paniscus","Master's degree",1249.3,33
"Athene_noctua","Master's degree",1288.5,28
"Athene_noctua2","Master's degree",1365.1,69
"Athene_noctua3","Master's degree",1323.4,41
"Balaeniceps_rex","Master's degree",1483.2,109
"Bison_bonasus","Master's degree",1711.4,194
"Bison_bonasus2","Master's degree",1687.1,157
"Boa_constrictor","Master's degree",1818.3,215
"Bubo_bubo","Master's degree",1228.5,24
"Bubo_bubo2","Master's degree",1216.6,22
"Bubo_scandiacus","Master's degree",1262.7,43
"Bufonidae","Master's degree",1456.6,112
"Buprestidae","Master's degree",1573.6,117
"Buteo_galapagoensis","Master's degree",1487.5,126
"Cairina_moschata","Master's degree",1518.3,95
"Calliphora_vomitoria","Master's degree",1641.9,137
"Callithrix_argentata","Master's degree",1284.1,53
"Callithrix_penicillata","Master's degree",1333.5,85
"Calloselasma rhodostoma","Master's degree",1815.9,198
"Canis_lupus","Master's degree",1676.2,165
"Canis_lupus_familiaris","Master's degree",1561.2,142
"Canis_lupus_familiaris2","Master's degree",1270.2,15
"Carlito_syrichta","Master's degree",1387,66
"Centurio_senex","Master's degree",1747.1,195
"Cerdocyon_thous","Master's degree",1338.3,63
"Chelonoidis_porteri","Master's degree",1199.2,14
"Choloepus_didactylus","Master's degree",1289.2,31
"Choloepus_didactylus2","Master's degree",1213.9,19
"Choloepus_didactylus3","Master's degree",1240.5,25
"Chroicocephalus_scopulinus","Master's degree",1375.1,76
"Columba_livia","Master's degree",1348.7,32
"Conolophus_pallidus","Master's degree",1667.7,169
"Corvus","Master's degree",1430,82
"Corvus2","Master's degree",1421.7,87
"Crocodylus_porosus","Master's degree",2002.9,221
"Crocuta_crocuta","Master's degree",1669.5,179
"Crotalus_atrox","Master's degree",1798.4,213
"Crotalus2","Master's degree",1838.4,216
"Cryptoprocto _ferox","Master's degree",1517.9,147
"Cynictis_penicillata","Master's degree",1542.5,98
"Dasypus_novemcinctus","Master's degree",1402.3,65
"Daubentonia_madagascariensis","Master's degree",1634.1,156
"Dendroaspis_angusticeps","Master's degree",1757.8,185
"Desmodus_rotondus","Master's degree",1633.4,170
"Didelphis_virginiana","Master's degree",1416.6,93
"Equus_caballus","Master's degree",1147.8,5
"Eudyptes chrysolophus","Master's degree",1339.1,47
"Eudyptes_chrysocome","Master's degree",1304.2,52
"Eulemur _coronatus","Master's degree",1346.8,61
"Eulemur _coronatus2","Master's degree",1402.6,79
"Euphractus _sexcinctus","Master's degree",1424.8,78
"Evarcha_arcuata","Master's degree",1817,181
"Felis_catus","Master's degree",1386.4,67
"Felis_silvestris","Master's degree",1123.5,6
"Geronticus_eremita","Master's degree",1664.3,160
"Giraffa_camelopardalis_reticulata","Master's degree",1171,12
"Gorilla_Gorilla_Beringei","Master's degree",1635.6,149
"Gorilla_gorilla_gorilla","Master's degree",1666,171
"Gulo_gulo","Master's degree",1570.3,124
"Gulo_gulo2","Master's degree",1529.8,139
"Gymnogyps_californianus","Master's degree",1610.9,128
"Gypaetus_barbatus","Master's degree",1395.4,96
"Gypaetus_barbatus2","Master's degree",1548.8,140
"Gyps_rueppelli","Master's degree",1569.6,148
"Haematopus_ater","Master's degree",1333.8,44
"Harpia_Harpyja","Master's degree",1454.5,99
"Helarctos_malayanus","Master's degree",1650.6,161
"Hemicentetes_semispinosus","Master's degree",1550.5,100
"Heterocephalus_glaber","Master's degree",1749.4,203
"Hippopotamus_amphibius","Master's degree",1666.6,175
"Hyaena_hyaena","Master's degree",1790.3,204
"Hyles_euphorbiae","Master's degree",1572,130
"Hylobates_agilis","Master's degree",1330.3,71
"Hypsignathus_monstrosus","Master's degree",1624.2,164
"Iguana_iguana","Master's degree",1502.9,146
"Iguana_iguana2","Master's degree",1526.2,138
"Incilius_alvarius","Master's degree",1546.8,115
"Incilius_alvarius2","Master's degree",1420.6,75
"Intellagama_lesueurii","Master's degree",1590.5,122
"Laticauda_laticaudata","Master's degree",1787.6,209
"Laticauda_saintgironsi","Master's degree",1842.9,210
"Lemur_catta","Master's degree",1396.7,68
"Lemur_catta2","Master's degree",1341.1,46
"Leopardus_wiedii","Master's degree",1467.5,101
"Leptailurus_serval","Master's degree",1491.1,88
"Leptoptilos_crumenifer","Master's degree",1475.7,107
"Libellula_quadrimaculata","Master's degree",1531.8,108
"Litoria_infrafrenata","Master's degree",1365.1,72
"Loris_tardigradus","Master's degree",1197.9,18
"Loxodonta_africana","Master's degree",1494.2,105
"Lycaon_pictus","Master's degree",1655.6,155
"Lycaon_pictus2","Master's degree",1665.3,180
"Lynx_rufus","Master's degree",1691.5,182
"Lynx_rufus2","Master's degree",1583.7,159
"Macaca_fuscata","Master's degree",1512.9,116
"Macaca_silenus","Master's degree",1471.4,111
"Macronectes_halli","Master's degree",1579.8,123
"Macropus_rufogriseus","Master's degree",1292.9,49
"Malayopython_reticulatus","Master's degree",1853.4,212
"Malpolon_monspessulanus","Master's degree",1756.4,192
"Mandrillus_sphinx","Master's degree",1603.4,167
"Mandrillus_sphinx2","Master's degree",1585.2,143
"Miopithecus_ogouensis","Master's degree",1354.8,45
"Morelia_spilota","Master's degree",1704.1,196
"Mungos_mungo","Master's degree",1558,104
"Muscardinus_avellanarius","Master's degree",1208.7,21
"Mygale","Master's degree",1830.4,197
"Myocastor_coypus","Master's degree",1301.6,34
"Naja_naja","Master's degree",1895.6,211
"Nasua_narica","Master's degree",1434.6,83
"Nasua_nasua","Master's degree",1340.5,37
"Necrosyrtes_monachus","Master's degree",1595.1,127
"Neofelis_nebulosa","Master's degree",1694.2,178
"Nestor_meridionalis","Master's degree",1318.8,42
"Notechis_scutatus","Master's degree",1737.6,206
"Numida_meleagris","Master's degree",1451.2,84
"Nyctereutes_procyonoides","Master's degree",1383.8,77
"Odonata","Master's degree",1571.2,141
"Odonata2","Master's degree",1538.1,131
"Oryctolagus_cuniculus","Master's degree",1097.4,4
"Oryctolagus_cuniculus2","Master's degree",841.1,1
"Otocolobus_manul","Master's degree",1423.4,89
"Pamphagidae","Master's degree",1510.5,94
"Pan_paniscus","Master's degree",1491.1,64
"Pan_paniscus2","Master's degree",1503.2,110
"Pan_paniscus3","Master's degree",1361.8,59
"Pan_paniscus4","Master's degree",1309.2,57
"Pan_troglodytes","Master's degree",1497.8,135
"Pan_troglodytes2","Master's degree",1313.1,30
"Panthera_leo","Master's degree",1680.9,187
"Panthera_leo2","Master's degree",1690.2,202
"Panthera_leo3","Master's degree",1748.1,191
"Panthera_onca","Master's degree",1714.2,193
"Panthera_onca_2","Master's degree",1713.8,188
"Panthera_onca3","Master's degree",1727.4,207
"Panthera_pardus","Master's degree",1729.5,189
"Panthera_pardus_3","Master's degree",1717.1,168
"Panthera_pardus2","Master's degree",1684.6,163
"Panthera_tigris2","Master's degree",1675.5,173
"Panthera_uncia","Master's degree",1738.8,200
"Papillon","Master's degree",1548.9,118
"Papio_hamadryas","Master's degree",1659.9,174
"Pardofelis_temminckii","Master's degree",1617.6,144
"Petroica_macrocephala","Master's degree",1023.3,3
"Phacochoerus_africanus","Master's degree",1859.8,199
"Phascolarctos_cinereus","Master's degree",1123.7,11
"Phascolarctos_cinereus2","Master's degree",993.3,2
"Pholcus_phalangioides","Master's degree",1878.7,217
"Pithecia pithecia","Master's degree",1491.3,136
"Pithecia pithecia2","Master's degree",1566.8,151
"Plathyrrhinus_fusciventris","Master's degree",1588.4,133
"Podarcis_muralis","Master's degree",1559.8,153
"Pogona_vitticeps","Master's degree",1466.8,102
"Porphyrio_hochstetteri","Master's degree",1500.9,81
"Procyon_lotor","Master's degree",1337.1,55
"Propithecus_coquereli","Master's degree",1336.4,39
"Propithecus_verreauxi","Master's degree",1389.3,62
"Psittacus_erithacus","Master's degree",1336.6,48
"Pteropus_conspicillatus","Master's degree",1316.3,51
"Puma_concolor","Master's degree",1722.3,184
"Python_bivittatus","Master's degree",1832.9,214
"Python_regius","Master's degree",1760.3,205
"Rattus_norvegicus","Master's degree",1322.2,60
"Rhinopithecus_roxellana","Master's degree",1304.8,38
"Rhyticeros_cassidix","Master's degree",1437.1,74
"Romalea_microptera","Master's degree",1384.9,70
"Saiga_tatarica","Master's degree",1492.9,97
"Sarcophilus_harrisii","Master's degree",1608.8,150
"Spalax","Master's degree",1500.4,129
"Spheniscus_humboldti","Master's degree",1256.3,10
"Stephanoaetus_coronatus","Master's degree",1546.9,132
"Strophurus","Master's degree",1541.6,134
"Struthio_camelus","Master's degree",1561,119
"Sula_nebouxii","Master's degree",1508.3,113
"Sula_sula","Master's degree",1460,80
"Suricata_suricatta","Master's degree",1275.7,20
"Sus_scrofa","Master's degree",1578.6,145
"Tapirus_indicus","Master's degree",1447.8,86
"Taricha_torosa","Master's degree",1503.9,114
"Tauraco_leucotis","Master's degree",1104.2,8
"Testudo_hermanni","Master's degree",1151.5,9
"Thalassarche_cauta","Master's degree",1504.3,121
"Theropithecus_gelada","Master's degree",1658.5,166
"Thomisus_onustus","Master's degree",1739.2,177
"Tockus_flavirostris","Master's degree",1544.3,152
"Trichosurus_vulpecula","Master's degree",1493.5,106
"Ursus_arctos_horribilis","Master's degree",1726.5,190
"Ursus_maritimus","Master's degree",1651.4,172
"Ursus_thibetanus","Master's degree",1777,208
"Varecia_rubra","Master's degree",1409.1,90
"Varecia_variegata","Master's degree",1403.6,54
"Vespula_germanica","Master's degree",1628.2,158
"Vicugna_pacos","Master's degree",1275.8,40
"Vicugna_pacos2","Master's degree",1310,23
"Vicugna_vicugna","Master's degree",1153.4,7
"Vipera_ammodytes","Master's degree",1917.3,220
"Vipera_aspis","Master's degree",1899.6,218
"Vulpes_zerda","Master's degree",1253.2,26
"Zamenis_longissimus","Master's degree",1705.4,183
"Zoropsis_spinimana","Master's degree",1764.1,201
"Acinonyx_jubatus","One/two/three-year technical/university degree",1646,176
"Acinonyx_jubatus2","One/two/three-year technical/university degree",1610,178
"Acryllium_vulturinum","One/two/three-year technical/university degree",1548.5,146
"Aepyceros_melampus","One/two/three-year technical/university degree",1336.1,65
"Aepyceros_melampus2","One/two/three-year technical/university degree",1232.6,34
"Agalychnis_callidryas","One/two/three-year technical/university degree",1341.3,53
"Ailuropoda_melanoleuca","One/two/three-year technical/university degree",1252.7,33
"Ailurops_ursinus","One/two/three-year technical/university degree",1373.4,82
"Ailurus_fulgens","One/two/three-year technical/university degree",1284.6,30
"Alligator_mississippiensis","One/two/three-year technical/university degree",1844.7,213
"Amblyrhynchus_cristatus","One/two/three-year technical/university degree",1752.1,193
"Aonyx_cinereus","One/two/three-year technical/university degree",1257.8,23
"Aonyx_cinereus2","One/two/three-year technical/university degree",1231.6,11
"Aquila_chrysaetos","One/two/three-year technical/university degree",1554.2,127
"Ara_ararauna","One/two/three-year technical/university degree",1227.7,43
"Ara_chloropterus","One/two/three-year technical/university degree",1206,20
"Arctocephalus forsteri","One/two/three-year technical/university degree",1548.7,92
"Arctocephalus_forsteri2","One/two/three-year technical/university degree",1325.8,35
"Artibeus_planirostris","One/two/three-year technical/university degree",1533.6,120
"Asio_flammeus","One/two/three-year technical/university degree",1300.7,46
"Ateles_hybridus","One/two/three-year technical/university degree",1545.4,136
"Ateles_paniscus","One/two/three-year technical/university degree",1311.4,31
"Athene_noctua","One/two/three-year technical/university degree",1265.9,26
"Athene_noctua2","One/two/three-year technical/university degree",1231.3,24
"Athene_noctua3","One/two/three-year technical/university degree",1412.6,62
"Balaeniceps_rex","One/two/three-year technical/university degree",1642.8,156
"Bison_bonasus","One/two/three-year technical/university degree",1745.1,203
"Bison_bonasus2","One/two/three-year technical/university degree",1699.2,170
"Boa_constrictor","One/two/three-year technical/university degree",1747.8,189
"Bubo_bubo","One/two/three-year technical/university degree",1283.2,40
"Bubo_bubo2","One/two/three-year technical/university degree",1291.5,39
"Bubo_scandiacus","One/two/three-year technical/university degree",1292,37
"Bufonidae","One/two/three-year technical/university degree",1560.7,113
"Buprestidae","One/two/three-year technical/university degree",1656.2,142
"Buteo_galapagoensis","One/two/three-year technical/university degree",1514.3,148
"Cairina_moschata","One/two/three-year technical/university degree",1598.9,149
"Calliphora_vomitoria","One/two/three-year technical/university degree",1453.2,108
"Callithrix_argentata","One/two/three-year technical/university degree",1369.2,49
"Callithrix_penicillata","One/two/three-year technical/university degree",1486.5,97
"Calloselasma rhodostoma","One/two/three-year technical/university degree",1865.6,218
"Canis_lupus","One/two/three-year technical/university degree",1543.3,131
"Canis_lupus_familiaris","One/two/three-year technical/university degree",1514.7,114
"Canis_lupus_familiaris2","One/two/three-year technical/university degree",1205.9,10
"Carlito_syrichta","One/two/three-year technical/university degree",1429.5,81
"Centurio_senex","One/two/three-year technical/university degree",1605.7,177
"Cerdocyon_thous","One/two/three-year technical/university degree",1363.5,58
"Chelonoidis_porteri","One/two/three-year technical/university degree",1338.2,15
"Choloepus_didactylus","One/two/three-year technical/university degree",1324.1,59
"Choloepus_didactylus2","One/two/three-year technical/university degree",1229.9,22
"Choloepus_didactylus3","One/two/three-year technical/university degree",1249.4,18
"Chroicocephalus_scopulinus","One/two/three-year technical/university degree",1321.4,56
"Columba_livia","One/two/three-year technical/university degree",1284.5,25
"Conolophus_pallidus","One/two/three-year technical/university degree",1665.5,169
"Corvus","One/two/three-year technical/university degree",1477.1,103
"Corvus2","One/two/three-year technical/university degree",1474.2,83
"Crocodylus_porosus","One/two/three-year technical/university degree",1991,221
"Crocuta_crocuta","One/two/three-year technical/university degree",1829,206
"Crotalus_atrox","One/two/three-year technical/university degree",1812,212
"Crotalus2","One/two/three-year technical/university degree",1879.6,217
"Cryptoprocto _ferox","One/two/three-year technical/university degree",1447.5,95
"Cynictis_penicillata","One/two/three-year technical/university degree",1491.1,71
"Dasypus_novemcinctus","One/two/three-year technical/university degree",1307.8,45
"Daubentonia_madagascariensis","One/two/three-year technical/university degree",1594.8,154
"Dendroaspis_angusticeps","One/two/three-year technical/university degree",1799.6,210
"Desmodus_rotondus","One/two/three-year technical/university degree",1521.7,155
"Didelphis_virginiana","One/two/three-year technical/university degree",1472.8,76
"Equus_caballus","One/two/three-year technical/university degree",1224.9,38
"Eudyptes chrysolophus","One/two/three-year technical/university degree",1204.1,21
"Eudyptes_chrysocome","One/two/three-year technical/university degree",1342.9,27
"Eulemur _coronatus","One/two/three-year technical/university degree",1414.9,94
"Eulemur _coronatus2","One/two/three-year technical/university degree",1317.3,63
"Euphractus _sexcinctus","One/two/three-year technical/university degree",1429,84
"Evarcha_arcuata","One/two/three-year technical/university degree",1766.2,192
"Felis_catus","One/two/three-year technical/university degree",1427.2,85
"Felis_silvestris","One/two/three-year technical/university degree",1154.8,9
"Geronticus_eremita","One/two/three-year technical/university degree",1625.4,141
"Giraffa_camelopardalis_reticulata","One/two/three-year technical/university degree",1280.1,60
"Gorilla_Gorilla_Beringei","One/two/three-year technical/university degree",1612.5,144
"Gorilla_gorilla_gorilla","One/two/three-year technical/university degree",1652.2,150
"Gulo_gulo","One/two/three-year technical/university degree",1504.9,122
"Gulo_gulo2","One/two/three-year technical/university degree",1541,160
"Gymnogyps_californianus","One/two/three-year technical/university degree",1612.5,158
"Gypaetus_barbatus","One/two/three-year technical/university degree",1474.7,87
"Gypaetus_barbatus2","One/two/three-year technical/university degree",1404.9,121
"Gyps_rueppelli","One/two/three-year technical/university degree",1647.5,165
"Haematopus_ater","One/two/three-year technical/university degree",1414.9,52
"Harpia_Harpyja","One/two/three-year technical/university degree",1498.9,119
"Helarctos_malayanus","One/two/three-year technical/university degree",1581.7,163
"Hemicentetes_semispinosus","One/two/three-year technical/university degree",1563.1,153
"Heterocephalus_glaber","One/two/three-year technical/university degree",1724,180
"Hippopotamus_amphibius","One/two/three-year technical/university degree",1750.9,186
"Hyaena_hyaena","One/two/three-year technical/university degree",1751.2,196
"Hyles_euphorbiae","One/two/three-year technical/university degree",1551.2,112
"Hylobates_agilis","One/two/three-year technical/university degree",1349.5,55
"Hypsignathus_monstrosus","One/two/three-year technical/university degree",1659.3,171
"Iguana_iguana","One/two/three-year technical/university degree",1601.3,159
"Iguana_iguana2","One/two/three-year technical/university degree",1492.9,110
"Incilius_alvarius","One/two/three-year technical/university degree",1418.7,111
"Incilius_alvarius2","One/two/three-year technical/university degree",1492.4,106
"Intellagama_lesueurii","One/two/three-year technical/university degree",1541.7,128
"Laticauda_laticaudata","One/two/three-year technical/university degree",1813.3,207
"Laticauda_saintgironsi","One/two/three-year technical/university degree",1818.7,209
"Lemur_catta","One/two/three-year technical/university degree",1208.2,12
"Lemur_catta2","One/two/three-year technical/university degree",1353.3,50
"Leopardus_wiedii","One/two/three-year technical/university degree",1475.2,93
"Leptailurus_serval","One/two/three-year technical/university degree",1473.5,99
"Leptoptilos_crumenifer","One/two/three-year technical/university degree",1510.5,105
"Libellula_quadrimaculata","One/two/three-year technical/university degree",1472.5,117
"Litoria_infrafrenata","One/two/three-year technical/university degree",1219.7,13
"Loris_tardigradus","One/two/three-year technical/university degree",1236,28
"Loxodonta_africana","One/two/three-year technical/university degree",1399.4,68
"Lycaon_pictus","One/two/three-year technical/university degree",1639.5,168
"Lycaon_pictus2","One/two/three-year technical/university degree",1687.1,187
"Lynx_rufus","One/two/three-year technical/university degree",1599.5,167
"Lynx_rufus2","One/two/three-year technical/university degree",1591.8,132
"Macaca_fuscata","One/two/three-year technical/university degree",1500,133
"Macaca_silenus","One/two/three-year technical/university degree",1544.6,104
"Macronectes_halli","One/two/three-year technical/university degree",1535.6,135
"Macropus_rufogriseus","One/two/three-year technical/university degree",1306.9,54
"Malayopython_reticulatus","One/two/three-year technical/university degree",1842.9,216
"Malpolon_monspessulanus","One/two/three-year technical/university degree",1768.8,188
"Mandrillus_sphinx","One/two/three-year technical/university degree",1662.1,166
"Mandrillus_sphinx2","One/two/three-year technical/university degree",1644.1,164
"Miopithecus_ogouensis","One/two/three-year technical/university degree",1400.7,77
"Morelia_spilota","One/two/three-year technical/university degree",1838.8,202
"Mungos_mungo","One/two/three-year technical/university degree",1547.2,91
"Muscardinus_avellanarius","One/two/three-year technical/university degree",1166.1,6
"Mygale","One/two/three-year technical/university degree",1720.7,190
"Myocastor_coypus","One/two/three-year technical/university degree",1235.3,17
"Naja_naja","One/two/three-year technical/university degree",1952.9,220
"Nasua_narica","One/two/three-year technical/university degree",1510.4,86
"Nasua_nasua","One/two/three-year technical/university degree",1281.9,67
"Necrosyrtes_monachus","One/two/three-year technical/university degree",1500.3,126
"Neofelis_nebulosa","One/two/three-year technical/university degree",1584.4,139
"Nestor_meridionalis","One/two/three-year technical/university degree",1436.5,102
"Notechis_scutatus","One/two/three-year technical/university degree",1778.7,204
"Numida_meleagris","One/two/three-year technical/university degree",1543.7,134
"Nyctereutes_procyonoides","One/two/three-year technical/university degree",1392.1,57
"Odonata","One/two/three-year technical/university degree",1535.4,137
"Odonata2","One/two/three-year technical/university degree",1524.7,115
"Oryctolagus_cuniculus","One/two/three-year technical/university degree",1159.3,7
"Oryctolagus_cuniculus2","One/two/three-year technical/university degree",947.5,1
"Otocolobus_manul","One/two/three-year technical/university degree",1506,107
"Pamphagidae","One/two/three-year technical/university degree",1491.9,118
"Pan_paniscus","One/two/three-year technical/university degree",1416.6,75
"Pan_paniscus2","One/two/three-year technical/university degree",1441.1,89
"Pan_paniscus3","One/two/three-year technical/university degree",1441.6,69
"Pan_paniscus4","One/two/three-year technical/university degree",1424.6,80
"Pan_troglodytes","One/two/three-year technical/university degree",1633,151
"Pan_troglodytes2","One/two/three-year technical/university degree",1370.7,64
"Panthera_leo","One/two/three-year technical/university degree",1767,199
"Panthera_leo2","One/two/three-year technical/university degree",1727.9,183
"Panthera_leo3","One/two/three-year technical/university degree",1752.9,201
"Panthera_onca","One/two/three-year technical/university degree",1709.8,200
"Panthera_onca_2","One/two/three-year technical/university degree",1711,185
"Panthera_onca3","One/two/three-year technical/university degree",1749.8,191
"Panthera_pardus","One/two/three-year technical/university degree",1703.7,195
"Panthera_pardus_3","One/two/three-year technical/university degree",1821,211
"Panthera_pardus2","One/two/three-year technical/university degree",1617.3,147
"Panthera_tigris2","One/two/three-year technical/university degree",1669.3,172
"Panthera_uncia","One/two/three-year technical/university degree",1595.9,161
"Papillon","One/two/three-year technical/university degree",1528.8,143
"Papio_hamadryas","One/two/three-year technical/university degree",1599.6,140
"Pardofelis_temminckii","One/two/three-year technical/university degree",1526.6,123
"Petroica_macrocephala","One/two/three-year technical/university degree",1001.8,3
"Phacochoerus_africanus","One/two/three-year technical/university degree",1770.8,198
"Phascolarctos_cinereus","One/two/three-year technical/university degree",1004.7,2
"Phascolarctos_cinereus2","One/two/three-year technical/university degree",1067.9,4
"Pholcus_phalangioides","One/two/three-year technical/university degree",1874.9,215
"Pithecia pithecia","One/two/three-year technical/university degree",1498.8,109
"Pithecia pithecia2","One/two/three-year technical/university degree",1510.6,129
"Plathyrrhinus_fusciventris","One/two/three-year technical/university degree",1580.3,152
"Podarcis_muralis","One/two/three-year technical/university degree",1620.1,157
"Pogona_vitticeps","One/two/three-year technical/university degree",1454.9,96
"Porphyrio_hochstetteri","One/two/three-year technical/university degree",1503,100
"Procyon_lotor","One/two/three-year technical/university degree",1335.6,61
"Propithecus_coquereli","One/two/three-year technical/university degree",1236.1,16
"Propithecus_verreauxi","One/two/three-year technical/university degree",1276,32
"Psittacus_erithacus","One/two/three-year technical/university degree",1208.9,14
"Pteropus_conspicillatus","One/two/three-year technical/university degree",1458.2,70
"Puma_concolor","One/two/three-year technical/university degree",1709.4,184
"Python_bivittatus","One/two/three-year technical/university degree",1878.5,219
"Python_regius","One/two/three-year technical/university degree",1730.2,194
"Rattus_norvegicus","One/two/three-year technical/university degree",1359,48
"Rhinopithecus_roxellana","One/two/three-year technical/university degree",1317.3,36
"Rhyticeros_cassidix","One/two/three-year technical/university degree",1416.1,73
"Romalea_microptera","One/two/three-year technical/university degree",1413,78
"Saiga_tatarica","One/two/three-year technical/university degree",1469.9,116
"Sarcophilus_harrisii","One/two/three-year technical/university degree",1575,145
"Spalax","One/two/three-year technical/university degree",1537.2,138
"Spheniscus_humboldti","One/two/three-year technical/university degree",1214.7,29
"Stephanoaetus_coronatus","One/two/three-year technical/university degree",1514.1,101
"Strophurus","One/two/three-year technical/university degree",1507.6,74
"Struthio_camelus","One/two/three-year technical/university degree",1686.7,174
"Sula_nebouxii","One/two/three-year technical/university degree",1457.4,88
"Sula_sula","One/two/three-year technical/university degree",1456.6,79
"Suricata_suricatta","One/two/three-year technical/university degree",1288.5,41
"Sus_scrofa","One/two/three-year technical/university degree",1518.3,125
"Tapirus_indicus","One/two/three-year technical/university degree",1378.7,42
"Taricha_torosa","One/two/three-year technical/university degree",1409.9,90
"Tauraco_leucotis","One/two/three-year technical/university degree",1173.7,8
"Testudo_hermanni","One/two/three-year technical/university degree",1140.4,5
"Thalassarche_cauta","One/two/three-year technical/university degree",1508.3,124
"Theropithecus_gelada","One/two/three-year technical/university degree",1642.5,179
"Thomisus_onustus","One/two/three-year technical/university degree",1779,181
"Tockus_flavirostris","One/two/three-year technical/university degree",1510,130
"Trichosurus_vulpecula","One/two/three-year technical/university degree",1492.2,98
"Ursus_arctos_horribilis","One/two/three-year technical/university degree",1684.5,175
"Ursus_maritimus","One/two/three-year technical/university degree",1639.5,173
"Ursus_thibetanus","One/two/three-year technical/university degree",1678.6,182
"Varecia_rubra","One/two/three-year technical/university degree",1464.3,66
"Varecia_variegata","One/two/three-year technical/university degree",1401.9,72
"Vespula_germanica","One/two/three-year technical/university degree",1605.8,162
"Vicugna_pacos","One/two/three-year technical/university degree",1351.1,47
"Vicugna_pacos2","One/two/three-year technical/university degree",1295.9,51
"Vicugna_vicugna","One/two/three-year technical/university degree",1238.2,19
"Vipera_ammodytes","One/two/three-year technical/university degree",1817.2,214
"Vipera_aspis","One/two/three-year technical/university degree",1809.4,208
"Vulpes_zerda","One/two/three-year technical/university degree",1312.4,44
"Zamenis_longissimus","One/two/three-year technical/university degree",1838,197
"Zoropsis_spinimana","One/two/three-year technical/university degree",1727.1,205
"Acinonyx_jubatus","Other",1524.4,124
"Acinonyx_jubatus2","Other",1705.4,191
"Acryllium_vulturinum","Other",1458.1,92
"Aepyceros_melampus","Other",1505.7,103
"Aepyceros_melampus2","Other",1295.9,27
"Agalychnis_callidryas","Other",1301.9,29
"Ailuropoda_melanoleuca","Other",1332.4,38
"Ailurops_ursinus","Other",1505,121
"Ailurus_fulgens","Other",1277.6,16
"Alligator_mississippiensis","Other",1766.6,208
"Amblyrhynchus_cristatus","Other",1449.1,84
"Aonyx_cinereus","Other",1410.2,64
"Aonyx_cinereus2","Other",1278.6,19
"Aquila_chrysaetos","Other",1519.3,136
"Ara_ararauna","Other",1155.8,5
"Ara_chloropterus","Other",1149.8,4
"Arctocephalus forsteri","Other",1467.2,91
"Arctocephalus_forsteri2","Other",1410.1,74
"Artibeus_planirostris","Other",1643.9,193
"Asio_flammeus","Other",1263.2,14
"Ateles_hybridus","Other",1478.4,100
"Ateles_paniscus","Other",1279.3,24
"Athene_noctua","Other",1381.3,35
"Athene_noctua2","Other",1273.7,18
"Athene_noctua3","Other",1307.5,26
"Balaeniceps_rex","Other",1486,112
"Bison_bonasus","Other",1629.8,165
"Bison_bonasus2","Other",1818.7,219
"Boa_constrictor","Other",1664.7,176
"Bubo_bubo","Other",1383.6,52
"Bubo_bubo2","Other",1373.4,46
"Bubo_scandiacus","Other",1426,90
"Bufonidae","Other",1488.1,107
"Buprestidae","Other",1542.9,150
"Buteo_galapagoensis","Other",1500.7,109
"Cairina_moschata","Other",1364.6,53
"Calliphora_vomitoria","Other",1660.9,189
"Callithrix_argentata","Other",1491.6,99
"Callithrix_penicillata","Other",1341.7,30
"Calloselasma rhodostoma","Other",1688.4,192
"Canis_lupus","Other",1434.1,85
"Canis_lupus_familiaris","Other",1627.4,167
"Canis_lupus_familiaris2","Other",1126.1,1
"Carlito_syrichta","Other",1502.5,133
"Centurio_senex","Other",1800.5,216
"Cerdocyon_thous","Other",1456.1,96
"Chelonoidis_porteri","Other",1439.2,80
"Choloepus_didactylus","Other",1467.4,101
"Choloepus_didactylus2","Other",1339.9,42
"Choloepus_didactylus3","Other",1350.6,39
"Chroicocephalus_scopulinus","Other",1378.7,49
"Columba_livia","Other",1347.3,48
"Conolophus_pallidus","Other",1479.2,82
"Corvus","Other",1400.5,67
"Corvus2","Other",1370.1,45
"Crocodylus_porosus","Other",1746.3,205
"Crocuta_crocuta","Other",1566.6,153
"Crotalus_atrox","Other",1663.3,186
"Crotalus2","Other",1762.4,200
"Cryptoprocto _ferox","Other",1443.2,61
"Cynictis_penicillata","Other",1512.1,98
"Dasypus_novemcinctus","Other",1349.7,44
"Daubentonia_madagascariensis","Other",1795.2,215
"Dendroaspis_angusticeps","Other",1719.1,207
"Desmodus_rotondus","Other",1628.8,181
"Didelphis_virginiana","Other",1423,73
"Equus_caballus","Other",1380.8,41
"Eudyptes chrysolophus","Other",1495,95
"Eudyptes_chrysocome","Other",1345.7,68
"Eulemur _coronatus","Other",1428.2,72
"Eulemur _coronatus2","Other",1358.4,43
"Euphractus _sexcinctus","Other",1510.6,114
"Evarcha_arcuata","Other",1705.7,190
"Felis_catus","Other",1330.8,37
"Felis_silvestris","Other",1172.8,6
"Geronticus_eremita","Other",1383.8,66
"Giraffa_camelopardalis_reticulata","Other",1253.3,9
"Gorilla_Gorilla_Beringei","Other",1557.8,149
"Gorilla_gorilla_gorilla","Other",1604.1,156
"Gulo_gulo","Other",1557.3,152
"Gulo_gulo2","Other",1541.5,139
"Gymnogyps_californianus","Other",1541.3,137
"Gypaetus_barbatus","Other",1590.9,158
"Gypaetus_barbatus2","Other",1445.7,88
"Gyps_rueppelli","Other",1510.7,123
"Haematopus_ater","Other",1339.2,31
"Harpia_Harpyja","Other",1463.1,111
"Helarctos_malayanus","Other",1647.2,178
"Hemicentetes_semispinosus","Other",1509.6,122
"Heterocephalus_glaber","Other",1715.9,197
"Hippopotamus_amphibius","Other",1614.6,161
"Hyaena_hyaena","Other",1658.4,172
"Hyles_euphorbiae","Other",1490.5,113
"Hylobates_agilis","Other",1322.7,50
"Hypsignathus_monstrosus","Other",1561.7,138
"Iguana_iguana","Other",1810.5,214
"Iguana_iguana2","Other",1401.9,65
"Incilius_alvarius","Other",1487.1,87
"Incilius_alvarius2","Other",1398.8,56
"Intellagama_lesueurii","Other",1582.5,159
"Laticauda_laticaudata","Other",1613.6,162
"Laticauda_saintgironsi","Other",1767.6,210
"Lemur_catta","Other",1358.9,55
"Lemur_catta2","Other",1251.1,13
"Leopardus_wiedii","Other",1450.2,86
"Leptailurus_serval","Other",1550.7,141
"Leptoptilos_crumenifer","Other",1461.5,97
"Libellula_quadrimaculata","Other",1535.2,144
"Litoria_infrafrenata","Other",1253.9,10
"Loris_tardigradus","Other",1260.8,11
"Loxodonta_africana","Other",1734.9,201
"Lycaon_pictus","Other",1724.1,195
"Lycaon_pictus2","Other",1541.9,126
"Lynx_rufus","Other",1609,168
"Lynx_rufus2","Other",1672.1,185
"Macaca_fuscata","Other",1551,145
"Macaca_silenus","Other",1556.2,142
"Macronectes_halli","Other",1720.6,196
"Macropus_rufogriseus","Other",1291.1,20
"Malayopython_reticulatus","Other",1567,151
"Malpolon_monspessulanus","Other",1558.9,143
"Mandrillus_sphinx","Other",1541.1,134
"Mandrillus_sphinx2","Other",1773.7,212
"Miopithecus_ogouensis","Other",1390.7,63
"Morelia_spilota","Other",1628.4,169
"Mungos_mungo","Other",1501.2,110
"Muscardinus_avellanarius","Other",1278.2,15
"Mygale","Other",1622,163
"Myocastor_coypus","Other",1462.7,93
"Naja_naja","Other",1791.5,218
"Nasua_narica","Other",1423.3,69
"Nasua_nasua","Other",1451.2,106
"Necrosyrtes_monachus","Other",1470.4,83
"Neofelis_nebulosa","Other",1664.9,183
"Nestor_meridionalis","Other",1529.5,127
"Notechis_scutatus","Other",1795.8,217
"Numida_meleagris","Other",1540.1,130
"Nyctereutes_procyonoides","Other",1506.6,135
"Odonata","Other",1568.5,128
"Odonata2","Other",1508.1,116
"Oryctolagus_cuniculus","Other",1224.8,8
"Oryctolagus_cuniculus2","Other",1094.3,2
"Otocolobus_manul","Other",1500.6,108
"Pamphagidae","Other",1361.9,40
"Pan_paniscus","Other",1543.1,147
"Pan_paniscus2","Other",1435.7,71
"Pan_paniscus3","Other",1386.4,54
"Pan_paniscus4","Other",1289,21
"Pan_troglodytes","Other",1472,89
"Pan_troglodytes2","Other",1607.8,157
"Panthera_leo","Other",1768.4,211
"Panthera_leo2","Other",1644.1,171
"Panthera_leo3","Other",1828.1,220
"Panthera_onca","Other",1718,203
"Panthera_onca_2","Other",1587,166
"Panthera_onca3","Other",1613.8,164
"Panthera_pardus","Other",1654.5,177
"Panthera_pardus_3","Other",1709.7,198
"Panthera_pardus2","Other",1689,188
"Panthera_tigris2","Other",1527.4,146
"Panthera_uncia","Other",1521.9,132
"Papillon","Other",1501.8,105
"Papio_hamadryas","Other",1665.9,180
"Pardofelis_temminckii","Other",1701.7,199
"Petroica_macrocephala","Other",1317.8,34
"Phacochoerus_africanus","Other",1746,206
"Phascolarctos_cinereus","Other",1311.2,23
"Phascolarctos_cinereus2","Other",1185.5,7
"Pholcus_phalangioides","Other",1688.1,187
"Pithecia pithecia","Other",1452,102
"Pithecia pithecia2","Other",1399.6,59
"Plathyrrhinus_fusciventris","Other",1547.7,140
"Podarcis_muralis","Other",1528.9,131
"Pogona_vitticeps","Other",1614.6,154
"Porphyrio_hochstetteri","Other",1484.9,119
"Procyon_lotor","Other",1492.5,125
"Propithecus_coquereli","Other",1446.3,77
"Propithecus_verreauxi","Other",1232.6,12
"Psittacus_erithacus","Other",1301.2,25
"Pteropus_conspicillatus","Other",1511.7,117
"Puma_concolor","Other",1642.7,175
"Python_bivittatus","Other",1734.6,204
"Python_regius","Other",1900.1,221
"Rattus_norvegicus","Other",1504.3,118
"Rhinopithecus_roxellana","Other",1478.4,81
"Rhyticeros_cassidix","Other",1415.7,58
"Romalea_microptera","Other",1391.2,60
"Saiga_tatarica","Other",1445.1,75
"Sarcophilus_harrisii","Other",1565.3,148
"Spalax","Other",1716.4,202
"Spheniscus_humboldti","Other",1327.1,32
"Stephanoaetus_coronatus","Other",1364.9,47
"Strophurus","Other",1503.2,115
"Struthio_camelus","Other",1453.7,78
"Sula_nebouxii","Other",1571.1,129
"Sula_sula","Other",1445.9,79
"Suricata_suricatta","Other",1399,76
"Sus_scrofa","Other",1674,184
"Tapirus_indicus","Other",1317.6,33
"Taricha_torosa","Other",1426.1,70
"Tauraco_leucotis","Other",1107,3
"Testudo_hermanni","Other",1319.9,28
"Thalassarche_cauta","Other",1293.4,22
"Theropithecus_gelada","Other",1770.3,209
"Thomisus_onustus","Other",1590.6,155
"Tockus_flavirostris","Other",1412.2,62
"Trichosurus_vulpecula","Other",1302.5,17
"Ursus_arctos_horribilis","Other",1596.4,173
"Ursus_maritimus","Other",1629.1,174
"Ursus_thibetanus","Other",1579.4,160
"Varecia_rubra","Other",1441.7,120
"Varecia_variegata","Other",1442.7,94
"Vespula_germanica","Other",1653.2,170
"Vicugna_pacos","Other",1504,104
"Vicugna_pacos2","Other",1378.5,51
"Vicugna_vicugna","Other",1333.8,36
"Vipera_ammodytes","Other",1770,213
"Vipera_aspis","Other",1677.4,179
"Vulpes_zerda","Other",1378.5,57
"Zamenis_longissimus","Other",1731.1,194
"Zoropsis_spinimana","Other",1677.3,182
"Acinonyx_jubatus","PhD and more",1667.4,180
"Acinonyx_jubatus2","PhD and more",1740.7,183
"Acryllium_vulturinum","PhD and more",1521.7,136
"Aepyceros_melampus","PhD and more",1377.8,63
"Aepyceros_melampus2","PhD and more",1322.8,44
"Agalychnis_callidryas","PhD and more",1234.3,23
"Ailuropoda_melanoleuca","PhD and more",1309.9,72
"Ailurops_ursinus","PhD and more",1263.3,33
"Ailurus_fulgens","PhD and more",1327.6,62
"Alligator_mississippiensis","PhD and more",2055.8,221
"Amblyrhynchus_cristatus","PhD and more",1504.6,130
"Aonyx_cinereus","PhD and more",1322.3,22
"Aonyx_cinereus2","PhD and more",1163.6,9
"Aquila_chrysaetos","PhD and more",1441,113
"Ara_ararauna","PhD and more",1224.4,24
"Ara_chloropterus","PhD and more",1359.8,46
"Arctocephalus forsteri","PhD and more",1439.4,86
"Arctocephalus_forsteri2","PhD and more",1440.6,102
"Artibeus_planirostris","PhD and more",1586,133
"Asio_flammeus","PhD and more",1243.6,21
"Ateles_hybridus","PhD and more",1588,151
"Ateles_paniscus","PhD and more",1335.1,31
"Athene_noctua","PhD and more",1314.4,27
"Athene_noctua2","PhD and more",1285.8,25
"Athene_noctua3","PhD and more",1346.2,65
"Balaeniceps_rex","PhD and more",1535.9,128
"Bison_bonasus","PhD and more",1846.9,214
"Bison_bonasus2","PhD and more",1850.6,217
"Boa_constrictor","PhD and more",1806.3,194
"Bubo_bubo","PhD and more",1255.4,30
"Bubo_bubo2","PhD and more",1349.9,32
"Bubo_scandiacus","PhD and more",1227.6,34
"Bufonidae","PhD and more",1520.7,108
"Buprestidae","PhD and more",1740.5,193
"Buteo_galapagoensis","PhD and more",1492,135
"Cairina_moschata","PhD and more",1392.1,87
"Calliphora_vomitoria","PhD and more",1513.6,141
"Callithrix_argentata","PhD and more",1374.2,83
"Callithrix_penicillata","PhD and more",1396.8,69
"Calloselasma rhodostoma","PhD and more",1725.1,191
"Canis_lupus","PhD and more",1543.5,120
"Canis_lupus_familiaris","PhD and more",1664.6,154
"Canis_lupus_familiaris2","PhD and more",1466.2,84
"Carlito_syrichta","PhD and more",1367.6,55
"Centurio_senex","PhD and more",1732.1,195
"Cerdocyon_thous","PhD and more",1341.4,45
"Chelonoidis_porteri","PhD and more",1204,19
"Choloepus_didactylus","PhD and more",1192.2,18
"Choloepus_didactylus2","PhD and more",1201.3,26
"Choloepus_didactylus3","PhD and more",1152.8,13
"Chroicocephalus_scopulinus","PhD and more",1211,14
"Columba_livia","PhD and more",1129.5,7
"Conolophus_pallidus","PhD and more",1613.5,144
"Corvus","PhD and more",1625.1,158
"Corvus2","PhD and more",1342.9,54
"Crocodylus_porosus","PhD and more",1872.4,216
"Crocuta_crocuta","PhD and more",1826.1,213
"Crotalus_atrox","PhD and more",1740.2,188
"Crotalus2","PhD and more",1680.1,162
"Cryptoprocto _ferox","PhD and more",1598.5,152
"Cynictis_penicillata","PhD and more",1492.8,140
"Dasypus_novemcinctus","PhD and more",1338.4,64
"Daubentonia_madagascariensis","PhD and more",1481.8,132
"Dendroaspis_angusticeps","PhD and more",1747.2,182
"Desmodus_rotondus","PhD and more",1481.6,131
"Didelphis_virginiana","PhD and more",1391.4,78
"Equus_caballus","PhD and more",1351.1,53
"Eudyptes chrysolophus","PhD and more",1238.7,29
"Eudyptes_chrysocome","PhD and more",1280.5,52
"Eulemur _coronatus","PhD and more",1328.1,42
"Eulemur _coronatus2","PhD and more",1331.6,35
"Euphractus _sexcinctus","PhD and more",1371.3,37
"Evarcha_arcuata","PhD and more",1711.2,173
"Felis_catus","PhD and more",1387.1,99
"Felis_silvestris","PhD and more",1335.7,51
"Geronticus_eremita","PhD and more",1466.4,117
"Giraffa_camelopardalis_reticulata","PhD and more",1332,71
"Gorilla_Gorilla_Beringei","PhD and more",1682,172
"Gorilla_gorilla_gorilla","PhD and more",1814.5,208
"Gulo_gulo","PhD and more",1512.7,101
"Gulo_gulo2","PhD and more",1532.8,146
"Gymnogyps_californianus","PhD and more",1603.6,149
"Gypaetus_barbatus","PhD and more",1554.2,139
"Gypaetus_barbatus2","PhD and more",1436.3,91
"Gyps_rueppelli","PhD and more",1497.3,119
"Haematopus_ater","PhD and more",1190.7,16
"Harpia_Harpyja","PhD and more",1392.7,66
"Helarctos_malayanus","PhD and more",1699.2,179
"Hemicentetes_semispinosus","PhD and more",1389.2,94
"Heterocephalus_glaber","PhD and more",1490.5,127
"Hippopotamus_amphibius","PhD and more",1806.7,186
"Hyaena_hyaena","PhD and more",1731.6,167
"Hyles_euphorbiae","PhD and more",1445,90
"Hylobates_agilis","PhD and more",1279.4,43
"Hypsignathus_monstrosus","PhD and more",1457.6,121
"Iguana_iguana","PhD and more",1567.1,138
"Iguana_iguana2","PhD and more",1515.6,116
"Incilius_alvarius","PhD and more",1397.7,70
"Incilius_alvarius2","PhD and more",1498.5,126
"Intellagama_lesueurii","PhD and more",1566,148
"Laticauda_laticaudata","PhD and more",1735.4,198
"Laticauda_saintgironsi","PhD and more",1782.6,207
"Lemur_catta","PhD and more",1349.6,49
"Lemur_catta2","PhD and more",1315.4,50
"Leopardus_wiedii","PhD and more",1457.3,109
"Leptailurus_serval","PhD and more",1466.4,77
"Leptoptilos_crumenifer","PhD and more",1639.8,157
"Libellula_quadrimaculata","PhD and more",1529.2,123
"Litoria_infrafrenata","PhD and more",1331.8,41
"Loris_tardigradus","PhD and more",1112.6,8
"Loxodonta_africana","PhD and more",1594.8,155
"Lycaon_pictus","PhD and more",1677,177
"Lycaon_pictus2","PhD and more",1752.6,187
"Lynx_rufus","PhD and more",1695.4,160
"Lynx_rufus2","PhD and more",1628.7,171
"Macaca_fuscata","PhD and more",1682.6,159
"Macaca_silenus","PhD and more",1520.6,100
"Macronectes_halli","PhD and more",1492.9,124
"Macropus_rufogriseus","PhD and more",1377.5,73
"Malayopython_reticulatus","PhD and more",1761.6,200
"Malpolon_monspessulanus","PhD and more",1639.1,156
"Mandrillus_sphinx","PhD and more",1697.4,176
"Mandrillus_sphinx2","PhD and more",1662.7,161
"Miopithecus_ogouensis","PhD and more",1389.1,82
"Morelia_spilota","PhD and more",1777.8,203
"Mungos_mungo","PhD and more",1447.7,92
"Muscardinus_avellanarius","PhD and more",1081.8,6
"Mygale","PhD and more",1641.3,170
"Myocastor_coypus","PhD and more",1135.3,10
"Naja_naja","PhD and more",1983.8,220
"Nasua_narica","PhD and more",1504.1,129
"Nasua_nasua","PhD and more",1366.1,57
"Necrosyrtes_monachus","PhD and more",1506.1,114
"Neofelis_nebulosa","PhD and more",1712.6,175
"Nestor_meridionalis","PhD and more",1349.5,56
"Notechis_scutatus","PhD and more",1845.8,206
"Numida_meleagris","PhD and more",1468.7,98
"Nyctereutes_procyonoides","PhD and more",1456.8,137
"Odonata","PhD and more",1451.2,96
"Odonata2","PhD and more",1420.7,93
"Oryctolagus_cuniculus","PhD and more",1059.3,3
"Oryctolagus_cuniculus2","PhD and more",973.9,1
"Otocolobus_manul","PhD and more",1370.9,67
"Pamphagidae","PhD and more",1500.5,106
"Pan_paniscus","PhD and more",1444.3,85
"Pan_paniscus2","PhD and more",1438.9,115
"Pan_paniscus3","PhD and more",1552,143
"Pan_paniscus4","PhD and more",1492.9,111
"Pan_troglodytes","PhD and more",1571.4,165
"Pan_troglodytes2","PhD and more",1340.3,58
"Panthera_leo","PhD and more",1828.3,197
"Panthera_leo2","PhD and more",1839,210
"Panthera_leo3","PhD and more",1789.6,201
"Panthera_onca","PhD and more",1802.4,199
"Panthera_onca_2","PhD and more",1774.5,192
"Panthera_onca3","PhD and more",1895.8,219
"Panthera_pardus","PhD and more",1912.2,218
"Panthera_pardus_3","PhD and more",1718.7,174
"Panthera_pardus2","PhD and more",1730.8,181
"Panthera_tigris2","PhD and more",1838.4,215
"Panthera_uncia","PhD and more",1695.6,190
"Papillon","PhD and more",1514.4,122
"Papio_hamadryas","PhD and more",1652.4,164
"Pardofelis_temminckii","PhD and more",1635.2,150
"Petroica_macrocephala","PhD and more",1129.7,4
"Phacochoerus_africanus","PhD and more",1817.1,196
"Phascolarctos_cinereus","PhD and more",1177.1,17
"Phascolarctos_cinereus2","PhD and more",1187.6,11
"Pholcus_phalangioides","PhD and more",1776.2,202
"Pithecia pithecia","PhD and more",1478.1,104
"Pithecia pithecia2","PhD and more",1594.1,153
"Plathyrrhinus_fusciventris","PhD and more",1517,112
"Podarcis_muralis","PhD and more",1495,95
"Pogona_vitticeps","PhD and more",1570.1,142
"Porphyrio_hochstetteri","PhD and more",1507.8,107
"Procyon_lotor","PhD and more",1487.6,97
"Propithecus_coquereli","PhD and more",1321.3,36
"Propithecus_verreauxi","PhD and more",1350.4,40
"Psittacus_erithacus","PhD and more",1420.6,74
"Pteropus_conspicillatus","PhD and more",1388.4,89
"Puma_concolor","PhD and more",1745.5,178
"Python_bivittatus","PhD and more",1673.7,169
"Python_regius","PhD and more",1697,163
"Rattus_norvegicus","PhD and more",1230.7,20
"Rhinopithecus_roxellana","PhD and more",1215,15
"Rhyticeros_cassidix","PhD and more",1424.6,59
"Romalea_microptera","PhD and more",1543.9,110
"Saiga_tatarica","PhD and more",1512.2,125
"Sarcophilus_harrisii","PhD and more",1615.8,147
"Spalax","PhD and more",1455.9,105
"Spheniscus_humboldti","PhD and more",1248.4,28
"Stephanoaetus_coronatus","PhD and more",1502.4,103
"Strophurus","PhD and more",1463.2,88
"Struthio_camelus","PhD and more",1507.8,134
"Sula_nebouxii","PhD and more",1425.2,80
"Sula_sula","PhD and more",1481.9,118
"Suricata_suricatta","PhD and more",1286.9,38
"Sus_scrofa","PhD and more",1682.1,185
"Tapirus_indicus","PhD and more",1425.3,76
"Taricha_torosa","PhD and more",1313.8,47
"Tauraco_leucotis","PhD and more",1069.7,2
"Testudo_hermanni","PhD and more",1158.9,5
"Thalassarche_cauta","PhD and more",1403.8,81
"Theropithecus_gelada","PhD and more",1836.1,205
"Thomisus_onustus","PhD and more",1600.6,145
"Tockus_flavirostris","PhD and more",1392.2,79
"Trichosurus_vulpecula","PhD and more",1390.2,61
"Ursus_arctos_horribilis","PhD and more",1811.8,211
"Ursus_maritimus","PhD and more",1776.7,209
"Ursus_thibetanus","PhD and more",1677.6,168
"Varecia_rubra","PhD and more",1338,60
"Varecia_variegata","PhD and more",1423.9,68
"Vespula_germanica","PhD and more",1652.6,166
"Vicugna_pacos","PhD and more",1358.8,48
"Vicugna_pacos2","PhD and more",1378.1,75
"Vicugna_vicugna","PhD and more",1168,12
"Vipera_ammodytes","PhD and more",1802.2,212
"Vipera_aspis","PhD and more",1830,204
"Vulpes_zerda","PhD and more",1342.7,39
"Zamenis_longissimus","PhD and more",1737.5,184
"Zoropsis_spinimana","PhD and more",1791.6,189
