"id","judge_id","challenger_1","challenger_2","winner","start_time","end_time","pool_number","survey_id"
926888,C_13_judge_7857777c75dff0c1464024864558b35a,Giraffa_camelopardalis_reticulata,Panthera_onca3,Panthera_onca3,2020-04-23 17:03:25,2020-04-23 17:03:38,1,13
926889,C_13_judge_7857777c75dff0c1464024864558b35a,Ursus_thibetanus,Intellagama_lesueurii,Intellagama_lesueurii,2020-04-23 17:03:38,2020-04-23 17:03:40,1,13
926890,C_13_judge_7857777c75dff0c1464024864558b35a,Nyctereutes_procyonoides,Sula_nebouxii,Nyctereutes_procyonoides,2020-04-23 17:03:40,2020-04-23 17:03:41,1,13
926891,C_13_judge_7857777c75dff0c1464024864558b35a,Gypaetus_barbatus2,Panthera_pardus_3,Gypaetus_barbatus2,2020-04-23 17:03:41,2020-04-23 17:03:42,1,13
926892,C_13_judge_7857777c75dff0c1464024864558b35a,Spheniscus_humboldti,Rattus_norvegicus,Spheniscus_humboldti,2020-04-23 17:03:42,2020-04-23 17:03:43,1,13
926893,C_13_judge_7857777c75dff0c1464024864558b35a,Lycaon_pictus2,Choloepus_didactylus,Lycaon_pictus2,2020-04-23 17:03:43,2020-04-23 17:03:46,1,13
926894,C_13_judge_7857777c75dff0c1464024864558b35a,Gulo_gulo,Chelonoidis_porteri,Chelonoidis_porteri,2020-04-23 17:03:46,2020-04-23 17:03:49,1,13
926895,C_13_judge_7857777c75dff0c1464024864558b35a,Notechis_scutatus,Miopithecus_ogouensis,Notechis_scutatus,2020-04-23 17:03:49,2020-04-23 17:03:50,1,13
926896,C_13_judge_7857777c75dff0c1464024864558b35a,Corvus,Vulpes_zerda,Corvus,2020-04-23 17:03:50,2020-04-23 17:03:53,1,13
926897,C_13_judge_7857777c75dff0c1464024864558b35a,Intellagama_lesueurii,Phascolarctos_cinereus,Intellagama_lesueurii,2020-04-23 17:03:53,2020-04-23 17:03:56,1,13
926898,C_13_judge_7857777c75dff0c1464024864558b35a,Bubo_bubo2,Oryctolagus_cuniculus,Bubo_bubo2,2020-04-23 17:03:56,2020-04-23 17:03:58,1,13
926899,C_13_judge_7857777c75dff0c1464024864558b35a,Spheniscus_humboldti,Odonata,Spheniscus_humboldti,2020-04-23 17:03:58,2020-04-23 17:04:00,1,13
926900,C_13_judge_7857777c75dff0c1464024864558b35a,Pogona_vitticeps,Panthera_leo3,Pogona_vitticeps,2020-04-23 17:04:00,2020-04-23 17:04:01,1,13
926901,C_13_judge_7857777c75dff0c1464024864558b35a,Bubo_bubo,Choloepus_didactylus2,Bubo_bubo,2020-04-23 17:04:01,2020-04-23 17:04:03,1,13
926902,C_13_judge_7857777c75dff0c1464024864558b35a,Bubo_scandiacus,Lynx_rufus2,Lynx_rufus2,2020-04-23 17:04:03,2020-04-23 17:04:04,1,13
926903,C_13_judge_7857777c75dff0c1464024864558b35a,Aepyceros_melampus2,Hippopotamus_amphibius,Hippopotamus_amphibius,2020-04-23 17:04:04,2020-04-23 17:04:06,1,13
926904,C_13_judge_7857777c75dff0c1464024864558b35a,Ursus_arctos_horribilis,Porphyrio_hochstetteri,Ursus_arctos_horribilis,2020-04-23 17:04:06,2020-04-23 17:04:08,1,13
926905,C_13_judge_7857777c75dff0c1464024864558b35a,Vulpes_zerda,Aepyceros_melampus,Aepyceros_melampus,2020-04-23 17:04:08,2020-04-23 17:04:10,1,13
926906,C_13_judge_7857777c75dff0c1464024864558b35a,Phacochoerus_africanus,Corvus,Phacochoerus_africanus,2020-04-23 17:04:10,2020-04-23 17:04:11,1,13
926907,C_13_judge_7857777c75dff0c1464024864558b35a,Cerdocyon_thous,Vicugna_pacos,Cerdocyon_thous,2020-04-23 17:04:11,2020-04-23 17:04:12,1,13
926908,C_13_judge_7857777c75dff0c1464024864558b35a,Rattus_norvegicus,Equus_caballus,Rattus_norvegicus,2020-04-23 17:04:12,2020-04-23 17:04:14,1,13
926909,C_13_judge_7857777c75dff0c1464024864558b35a,Choloepus_didactylus2,Loxodonta_africana,Loxodonta_africana,2020-04-23 17:04:14,2020-04-23 17:04:15,1,13
926910,C_13_judge_7857777c75dff0c1464024864558b35a,Centurio_senex,Ara_chloropterus,Centurio_senex,2020-04-23 17:04:15,2020-04-23 17:04:16,1,13
926911,C_13_judge_7857777c75dff0c1464024864558b35a,Malayopython_reticulatus,Crotalus_atrox,Malayopython_reticulatus,2020-04-23 17:04:16,2020-04-23 17:04:18,1,13
926912,C_13_judge_7857777c75dff0c1464024864558b35a,Rhyticeros_cassidix,Tapirus_indicus,Tapirus_indicus,2020-04-23 17:04:18,2020-04-23 17:04:22,1,13
929338,C_13_judge_b793a236d45393a026e7923e79ea2f4d,Phascolarctos_cinereus2,Pholcus_phalangioides,Pholcus_phalangioides,2020-04-23 18:18:41,2020-04-23 18:18:46,1,13
929339,C_13_judge_b793a236d45393a026e7923e79ea2f4d,Cerdocyon_thous,Tapirus_indicus,Tapirus_indicus,2020-04-23 18:18:46,2020-04-23 18:18:46,1,13
929340,C_13_judge_b793a236d45393a026e7923e79ea2f4d,Sarcophilus_harrisii,Cairina_moschata,Sarcophilus_harrisii,2020-04-23 18:18:46,2020-04-23 18:18:50,1,13
929341,C_13_judge_b793a236d45393a026e7923e79ea2f4d,Dendroaspis_angusticeps,Petroica_macrocephala,Dendroaspis_angusticeps,2020-04-23 18:18:50,2020-04-23 18:18:52,1,13
929342,C_13_judge_b793a236d45393a026e7923e79ea2f4d,Sus_scrofa,Bubo_bubo2,Sus_scrofa,2020-04-23 18:18:52,2020-04-23 18:18:54,1,13
929343,C_13_judge_b793a236d45393a026e7923e79ea2f4d,Calloselasma rhodostoma,Aquila_chrysaetos,Calloselasma rhodostoma,2020-04-23 18:18:54,2020-04-23 18:18:56,1,13
929344,C_13_judge_b793a236d45393a026e7923e79ea2f4d,Nyctereutes_procyonoides,Theropithecus_gelada,Theropithecus_gelada,2020-04-23 18:18:56,2020-04-23 18:19:00,1,13
929345,C_13_judge_b793a236d45393a026e7923e79ea2f4d,Oryctolagus_cuniculus,Equus_caballus,Equus_caballus,2020-04-23 18:19:00,2020-04-23 18:19:03,1,13
929346,C_13_judge_b793a236d45393a026e7923e79ea2f4d,Rhyticeros_cassidix,Callithrix_argentata,Callithrix_argentata,2020-04-23 18:19:03,2020-04-23 18:19:07,1,13
929347,C_13_judge_b793a236d45393a026e7923e79ea2f4d,Papillon,Pogona_vitticeps,Pogona_vitticeps,2020-04-23 18:19:07,2020-04-23 18:19:12,1,13
929348,C_13_judge_b793a236d45393a026e7923e79ea2f4d,Ursus_thibetanus,Pan_paniscus4,Ursus_thibetanus,2020-04-23 18:19:12,2020-04-23 18:19:15,1,13
929349,C_13_judge_b793a236d45393a026e7923e79ea2f4d,Odonata,Pithecia pithecia,Pithecia pithecia,2020-04-23 18:19:15,2020-04-23 18:19:18,1,13
929350,C_13_judge_b793a236d45393a026e7923e79ea2f4d,Cerdocyon_thous,Pithecia pithecia,Cerdocyon_thous,2020-04-23 18:19:18,2020-04-23 18:19:23,1,13
929351,C_13_judge_b793a236d45393a026e7923e79ea2f4d,Evarcha_arcuata,Vipera_ammodytes,Vipera_ammodytes,2020-04-23 18:19:23,2020-04-23 18:19:26,1,13
929352,C_13_judge_b793a236d45393a026e7923e79ea2f4d,Thalassarche_cauta,Ara_ararauna,Thalassarche_cauta,2020-04-23 18:19:26,2020-04-23 18:19:30,1,13
929353,C_13_judge_b793a236d45393a026e7923e79ea2f4d,Ateles_hybridus,Canis_lupus,Ateles_hybridus,2020-04-23 18:19:30,2020-04-23 18:19:35,1,13
929354,C_13_judge_b793a236d45393a026e7923e79ea2f4d,Dendroaspis_angusticeps,Papillon,Dendroaspis_angusticeps,2020-04-23 18:19:35,2020-04-23 18:19:36,1,13
929355,C_13_judge_b793a236d45393a026e7923e79ea2f4d,Panthera_tigris2,Panthera_pardus,Panthera_pardus,2020-04-23 18:19:36,2020-04-23 18:19:43,1,13
929356,C_13_judge_b793a236d45393a026e7923e79ea2f4d,Chroicocephalus_scopulinus,Thalassarche_cauta,Thalassarche_cauta,2020-04-23 18:19:43,2020-04-23 18:19:46,1,13
929357,C_13_judge_b793a236d45393a026e7923e79ea2f4d,Vicugna_pacos2,Hemicentetes_semispinosus,Vicugna_pacos2,2020-04-23 18:19:46,2020-04-23 18:19:53,1,13
929358,C_13_judge_b793a236d45393a026e7923e79ea2f4d,Callithrix_penicillata,Ursus_thibetanus,Ursus_thibetanus,2020-04-23 18:19:53,2020-04-23 18:19:56,1,13
929359,C_13_judge_b793a236d45393a026e7923e79ea2f4d,Phacochoerus_africanus,Iguana_iguana2,Phacochoerus_africanus,2020-04-23 18:19:56,2020-04-23 18:20:00,1,13
929360,C_13_judge_b793a236d45393a026e7923e79ea2f4d,Choloepus_didactylus,Euphractus _sexcinctus,Euphractus _sexcinctus,2020-04-23 18:20:00,2020-04-23 18:20:07,1,13
929361,C_13_judge_b793a236d45393a026e7923e79ea2f4d,Crotalus_atrox,Arctocephalus forsteri,Crotalus_atrox,2020-04-23 18:20:07,2020-04-23 18:20:10,1,13
929362,C_13_judge_b793a236d45393a026e7923e79ea2f4d,Myocastor_coypus,Choloepus_didactylus2,Myocastor_coypus,2020-04-23 18:20:10,2020-04-23 18:20:16,1,13
933988,C_13_judge_fbd9ed780756ccc22da3549dffd9ab7c,Callithrix_penicillata,Dendroaspis_angusticeps,Dendroaspis_angusticeps,2020-04-23 21:05:43,2020-04-23 21:05:47,1,13
933989,C_13_judge_fbd9ed780756ccc22da3549dffd9ab7c,Pan_paniscus2,Aepyceros_melampus,Pan_paniscus2,2020-04-23 21:05:47,2020-04-23 21:05:50,1,13
933990,C_13_judge_fbd9ed780756ccc22da3549dffd9ab7c,Loris_tardigradus,Canis_lupus,Canis_lupus,2020-04-23 21:05:50,2020-04-23 21:05:53,1,13
933991,C_13_judge_fbd9ed780756ccc22da3549dffd9ab7c,Pan_paniscus3,Ailuropoda_melanoleuca,Pan_paniscus3,2020-04-23 21:05:53,2020-04-23 21:05:55,1,13
933992,C_13_judge_fbd9ed780756ccc22da3549dffd9ab7c,Neofelis_nebulosa,Hylobates_agilis,Neofelis_nebulosa,2020-04-23 21:05:55,2020-04-23 21:05:58,1,13
933993,C_13_judge_fbd9ed780756ccc22da3549dffd9ab7c,Malpolon_monspessulanus,Pan_paniscus2,Malpolon_monspessulanus,2020-04-23 21:05:58,2020-04-23 21:06:01,1,13
933994,C_13_judge_fbd9ed780756ccc22da3549dffd9ab7c,Cerdocyon_thous,Naja_naja,Naja_naja,2020-04-23 21:06:01,2020-04-23 21:06:02,1,13
933995,C_13_judge_fbd9ed780756ccc22da3549dffd9ab7c,Eulemur _coronatus2,Ursus_maritimus,Ursus_maritimus,2020-04-23 21:06:02,2020-04-23 21:06:04,1,13
933996,C_13_judge_fbd9ed780756ccc22da3549dffd9ab7c,Gyps_rueppelli,Rhinopithecus_roxellana,Gyps_rueppelli,2020-04-23 21:06:04,2020-04-23 21:06:08,1,13
933997,C_13_judge_fbd9ed780756ccc22da3549dffd9ab7c,Spheniscus_humboldti,Hypsignathus_monstrosus,Hypsignathus_monstrosus,2020-04-23 21:06:08,2020-04-23 21:06:11,1,13
933998,C_13_judge_fbd9ed780756ccc22da3549dffd9ab7c,Oryctolagus_cuniculus2,Miopithecus_ogouensis,Miopithecus_ogouensis,2020-04-23 21:06:11,2020-04-23 21:06:14,1,13
933999,C_13_judge_fbd9ed780756ccc22da3549dffd9ab7c,Varecia_rubra,Lycaon_pictus2,Lycaon_pictus2,2020-04-23 21:06:14,2020-04-23 21:06:19,1,13
934000,C_13_judge_fbd9ed780756ccc22da3549dffd9ab7c,Canis_lupus,Eulemur _coronatus,Canis_lupus,2020-04-23 21:06:19,2020-04-23 21:06:22,1,13
934001,C_13_judge_fbd9ed780756ccc22da3549dffd9ab7c,Python_regius,Ailurus_fulgens,Python_regius,2020-04-23 21:06:22,2020-04-23 21:06:24,1,13
934002,C_13_judge_fbd9ed780756ccc22da3549dffd9ab7c,Rhinopithecus_roxellana,Felis_silvestris,Rhinopithecus_roxellana,2020-04-23 21:06:24,2020-04-23 21:06:27,1,13
934003,C_13_judge_fbd9ed780756ccc22da3549dffd9ab7c,Incilius_alvarius2,Gypaetus_barbatus2,Incilius_alvarius2,2020-04-23 21:06:27,2020-04-23 21:06:31,1,13
934004,C_13_judge_fbd9ed780756ccc22da3549dffd9ab7c,Pholcus_phalangioides,Nasua_nasua,Pholcus_phalangioides,2020-04-23 21:06:31,2020-04-23 21:06:32,1,13
934005,C_13_judge_fbd9ed780756ccc22da3549dffd9ab7c,Pamphagidae,Struthio_camelus,Struthio_camelus,2020-04-23 21:06:32,2020-04-23 21:06:35,1,13
934006,C_13_judge_fbd9ed780756ccc22da3549dffd9ab7c,Thalassarche_cauta,Panthera_pardus2,Thalassarche_cauta,2020-04-23 21:06:35,2020-04-23 21:06:40,1,13
934007,C_13_judge_fbd9ed780756ccc22da3549dffd9ab7c,Harpia_Harpyja,Laticauda_laticaudata,Laticauda_laticaudata,2020-04-23 21:06:40,2020-04-23 21:06:42,1,13
934008,C_13_judge_fbd9ed780756ccc22da3549dffd9ab7c,Ara_ararauna,Spalax,Ara_ararauna,2020-04-23 21:06:42,2020-04-23 21:06:48,1,13
934009,C_13_judge_fbd9ed780756ccc22da3549dffd9ab7c,Gyps_rueppelli,Eulemur _coronatus,Gyps_rueppelli,2020-04-23 21:06:48,2020-04-23 21:06:51,1,13
934010,C_13_judge_fbd9ed780756ccc22da3549dffd9ab7c,Litoria_infrafrenata,Agalychnis_callidryas,Litoria_infrafrenata,2020-04-23 21:06:51,2020-04-23 21:06:53,1,13
934011,C_13_judge_fbd9ed780756ccc22da3549dffd9ab7c,Panthera_tigris2,Ara_chloropterus,Panthera_tigris2,2020-04-23 21:06:53,2020-04-23 21:06:58,1,13
934012,C_13_judge_fbd9ed780756ccc22da3549dffd9ab7c,Pithecia pithecia,Ara_chloropterus,Pithecia pithecia,2020-04-23 21:06:58,2020-04-23 21:07:02,1,13
936913,C_13_judge_29584de1e5a91f724942dd3a877b915f,Canis_lupus,Ursus_thibetanus,Ursus_thibetanus,2020-04-23 23:39:09,2020-04-23 23:39:15,1,13
936914,C_13_judge_29584de1e5a91f724942dd3a877b915f,Muscardinus_avellanarius,Eudyptes_chrysocome,Eudyptes_chrysocome,2020-04-23 23:39:15,2020-04-23 23:39:23,1,13
936915,C_13_judge_29584de1e5a91f724942dd3a877b915f,Phacochoerus_africanus,Morelia_spilota,Phacochoerus_africanus,2020-04-23 23:39:23,2020-04-23 23:39:25,1,13
936916,C_13_judge_29584de1e5a91f724942dd3a877b915f,Panthera_leo,Choloepus_didactylus3,Panthera_leo,2020-04-23 23:39:25,2020-04-23 23:39:27,1,13
936917,C_13_judge_29584de1e5a91f724942dd3a877b915f,Ailurus_fulgens,Incilius_alvarius,Incilius_alvarius,2020-04-23 23:39:27,2020-04-23 23:39:30,1,13
936918,C_13_judge_29584de1e5a91f724942dd3a877b915f,Muscardinus_avellanarius,Ursus_arctos_horribilis,Ursus_arctos_horribilis,2020-04-23 23:39:30,2020-04-23 23:39:31,1,13
936919,C_13_judge_29584de1e5a91f724942dd3a877b915f,Aonyx_cinereus2,Bison_bonasus,Bison_bonasus,2020-04-23 23:39:31,2020-04-23 23:39:34,1,13
936920,C_13_judge_29584de1e5a91f724942dd3a877b915f,Sus_scrofa,Podarcis_muralis,Sus_scrofa,2020-04-23 23:39:34,2020-04-23 23:39:36,1,13
936921,C_13_judge_29584de1e5a91f724942dd3a877b915f,Trichosurus_vulpecula,Eudyptes_chrysocome,Eudyptes_chrysocome,2020-04-23 23:39:36,2020-04-23 23:39:38,1,13
936922,C_13_judge_29584de1e5a91f724942dd3a877b915f,Crocodylus_porosus,Hylobates_agilis,Crocodylus_porosus,2020-04-23 23:39:38,2020-04-23 23:39:40,1,13
936923,C_13_judge_29584de1e5a91f724942dd3a877b915f,Trichosurus_vulpecula,Mygale,Mygale,2020-04-23 23:39:40,2020-04-23 23:39:41,1,13
936924,C_13_judge_29584de1e5a91f724942dd3a877b915f,Varecia_variegata,Rattus_norvegicus,Varecia_variegata,2020-04-23 23:39:41,2020-04-23 23:39:42,1,13
936925,C_13_judge_29584de1e5a91f724942dd3a877b915f,Oryctolagus_cuniculus2,Macaca_fuscata,Macaca_fuscata,2020-04-23 23:39:42,2020-04-23 23:39:43,1,13
936926,C_13_judge_29584de1e5a91f724942dd3a877b915f,Evarcha_arcuata,Phascolarctos_cinereus,Evarcha_arcuata,2020-04-23 23:39:43,2020-04-23 23:39:44,1,13
936927,C_13_judge_29584de1e5a91f724942dd3a877b915f,Papio_hamadryas,Vicugna_pacos,Papio_hamadryas,2020-04-23 23:39:44,2020-04-23 23:39:46,1,13
936928,C_13_judge_29584de1e5a91f724942dd3a877b915f,Pamphagidae,Athene_noctua2,Pamphagidae,2020-04-23 23:39:46,2020-04-23 23:39:49,1,13
936929,C_13_judge_29584de1e5a91f724942dd3a877b915f,Vipera_aspis,Carlito_syrichta,Vipera_aspis,2020-04-23 23:39:49,2020-04-23 23:39:50,1,13
936930,C_13_judge_29584de1e5a91f724942dd3a877b915f,Leopardus_wiedii,Stephanoaetus_coronatus,Stephanoaetus_coronatus,2020-04-23 23:39:50,2020-04-23 23:39:54,1,13
936931,C_13_judge_29584de1e5a91f724942dd3a877b915f,Sarcophilus_harrisii,Hemicentetes_semispinosus,Sarcophilus_harrisii,2020-04-23 23:39:54,2020-04-23 23:39:56,1,13
936932,C_13_judge_29584de1e5a91f724942dd3a877b915f,Chroicocephalus_scopulinus,Loxodonta_africana,Loxodonta_africana,2020-04-23 23:39:56,2020-04-23 23:39:57,1,13
936933,C_13_judge_29584de1e5a91f724942dd3a877b915f,Intellagama_lesueurii,Leptailurus_serval,Leptailurus_serval,2020-04-23 23:39:57,2020-04-23 23:39:59,1,13
936934,C_13_judge_29584de1e5a91f724942dd3a877b915f,Phascolarctos_cinereus2,Neofelis_nebulosa,Neofelis_nebulosa,2020-04-23 23:39:59,2020-04-23 23:40:00,1,13
936935,C_13_judge_29584de1e5a91f724942dd3a877b915f,Panthera_pardus_3,Incilius_alvarius2,Panthera_pardus_3,2020-04-23 23:40:00,2020-04-23 23:40:02,1,13
936936,C_13_judge_29584de1e5a91f724942dd3a877b915f,Nyctereutes_procyonoides,Arctocephalus forsteri,Nyctereutes_procyonoides,2020-04-23 23:40:02,2020-04-23 23:40:04,1,13
936937,C_13_judge_29584de1e5a91f724942dd3a877b915f,Leptailurus_serval,Rhinopithecus_roxellana,Rhinopithecus_roxellana,2020-04-23 23:40:04,2020-04-23 23:40:05,1,13
938488,C_13_judge_62d7891af2d082daca72133cfe1b3415,Taricha_torosa,Vicugna_pacos2,Taricha_torosa,2020-04-24 08:42:19,2020-04-24 08:42:31,1,13
938489,C_13_judge_62d7891af2d082daca72133cfe1b3415,Desmodus_rotondus,Notechis_scutatus,Notechis_scutatus,2020-04-24 08:42:31,2020-04-24 08:42:34,1,13
938490,C_13_judge_62d7891af2d082daca72133cfe1b3415,Arctocephalus forsteri,Panthera_leo3,Panthera_leo3,2020-04-24 08:42:34,2020-04-24 08:42:36,1,13
938491,C_13_judge_62d7891af2d082daca72133cfe1b3415,Athene_noctua2,Gorilla_Gorilla_Beringei,Gorilla_Gorilla_Beringei,2020-04-24 08:42:36,2020-04-24 08:42:38,1,13
938492,C_13_judge_62d7891af2d082daca72133cfe1b3415,Canis_lupus_familiaris2,Felis_catus,Felis_catus,2020-04-24 08:42:38,2020-04-24 08:42:40,1,13
938493,C_13_judge_62d7891af2d082daca72133cfe1b3415,Corvus2,Bufonidae,Bufonidae,2020-04-24 08:42:40,2020-04-24 08:42:42,1,13
938494,C_13_judge_62d7891af2d082daca72133cfe1b3415,Varecia_variegata,Balaeniceps_rex,Balaeniceps_rex,2020-04-24 08:42:42,2020-04-24 08:42:44,1,13
938495,C_13_judge_62d7891af2d082daca72133cfe1b3415,Panthera_pardus2,Lycaon_pictus2,Lycaon_pictus2,2020-04-24 08:42:44,2020-04-24 08:42:46,1,13
938496,C_13_judge_62d7891af2d082daca72133cfe1b3415,Cryptoprocto _ferox,Aonyx_cinereus2,Cryptoprocto _ferox,2020-04-24 08:42:46,2020-04-24 08:42:48,1,13
938497,C_13_judge_62d7891af2d082daca72133cfe1b3415,Bubo_bubo2,Varecia_variegata,Varecia_variegata,2020-04-24 08:42:48,2020-04-24 08:42:50,1,13
938498,C_13_judge_62d7891af2d082daca72133cfe1b3415,Pogona_vitticeps,Leopardus_wiedii,Pogona_vitticeps,2020-04-24 08:42:50,2020-04-24 08:42:51,1,13
938499,C_13_judge_62d7891af2d082daca72133cfe1b3415,Miopithecus_ogouensis,Equus_caballus,Miopithecus_ogouensis,2020-04-24 08:42:51,2020-04-24 08:42:53,1,13
938500,C_13_judge_62d7891af2d082daca72133cfe1b3415,Mandrillus_sphinx2,Gulo_gulo2,Mandrillus_sphinx2,2020-04-24 08:42:53,2020-04-24 08:42:56,1,13
938501,C_13_judge_62d7891af2d082daca72133cfe1b3415,Porphyrio_hochstetteri,Crotalus_atrox,Crotalus_atrox,2020-04-24 08:42:56,2020-04-24 08:42:57,1,13
938502,C_13_judge_62d7891af2d082daca72133cfe1b3415,Procyon_lotor,Chroicocephalus_scopulinus,Chroicocephalus_scopulinus,2020-04-24 08:42:57,2020-04-24 08:42:59,1,13
938503,C_13_judge_62d7891af2d082daca72133cfe1b3415,Intellagama_lesueurii,Tapirus_indicus,Intellagama_lesueurii,2020-04-24 08:42:59,2020-04-24 08:43:01,1,13
938504,C_13_judge_62d7891af2d082daca72133cfe1b3415,Rhyticeros_cassidix,Sus_scrofa,Sus_scrofa,2020-04-24 08:43:01,2020-04-24 08:43:02,1,13
938505,C_13_judge_62d7891af2d082daca72133cfe1b3415,Sula_nebouxii,Bubo_bubo2,Sula_nebouxii,2020-04-24 08:43:02,2020-04-24 08:43:04,1,13
938506,C_13_judge_62d7891af2d082daca72133cfe1b3415,Odonata2,Phascolarctos_cinereus,Odonata2,2020-04-24 08:43:04,2020-04-24 08:43:06,1,13
938507,C_13_judge_62d7891af2d082daca72133cfe1b3415,Litoria_infrafrenata,Panthera_uncia,Litoria_infrafrenata,2020-04-24 08:43:06,2020-04-24 08:43:08,1,13
938508,C_13_judge_62d7891af2d082daca72133cfe1b3415,Buprestidae,Dendroaspis_angusticeps,Dendroaspis_angusticeps,2020-04-24 08:43:08,2020-04-24 08:43:09,1,13
938509,C_13_judge_62d7891af2d082daca72133cfe1b3415,Myocastor_coypus,Sula_sula,Sula_sula,2020-04-24 08:43:09,2020-04-24 08:43:11,1,13
938510,C_13_judge_62d7891af2d082daca72133cfe1b3415,Varecia_variegata,Nasua_narica,Nasua_narica,2020-04-24 08:43:11,2020-04-24 08:43:13,1,13
938511,C_13_judge_62d7891af2d082daca72133cfe1b3415,Pan_paniscus2,Trichosurus_vulpecula,Pan_paniscus2,2020-04-24 08:43:13,2020-04-24 08:43:16,1,13
938512,C_13_judge_62d7891af2d082daca72133cfe1b3415,Rhinopithecus_roxellana,Aonyx_cinereus2,Rhinopithecus_roxellana,2020-04-24 08:43:16,2020-04-24 08:43:18,1,13
945038,C_13_judge_d5672a176cb2c0b48ba33374f878d052,Vespula_germanica,Carlito_syrichta,Carlito_syrichta,2020-04-24 17:51:17,2020-04-24 17:51:24,1,13
945039,C_13_judge_d5672a176cb2c0b48ba33374f878d052,Dasypus_novemcinctus,Lycaon_pictus2,Lycaon_pictus2,2020-04-24 17:51:24,2020-04-24 17:51:29,1,13
945040,C_13_judge_d5672a176cb2c0b48ba33374f878d052,Ailuropoda_melanoleuca,Gypaetus_barbatus,Ailuropoda_melanoleuca,2020-04-24 17:51:29,2020-04-24 17:51:32,1,13
945041,C_13_judge_d5672a176cb2c0b48ba33374f878d052,Calliphora_vomitoria,Nasua_narica,Nasua_narica,2020-04-24 17:51:32,2020-04-24 17:51:38,1,13
945042,C_13_judge_d5672a176cb2c0b48ba33374f878d052,Trichosurus_vulpecula,Leptailurus_serval,Leptailurus_serval,2020-04-24 17:51:38,2020-04-24 17:51:41,1,13
945043,C_13_judge_d5672a176cb2c0b48ba33374f878d052,Papio_hamadryas,Odonata,Papio_hamadryas,2020-04-24 17:51:41,2020-04-24 17:51:44,1,13
945044,C_13_judge_d5672a176cb2c0b48ba33374f878d052,Vicugna_vicugna,Calloselasma rhodostoma,Calloselasma rhodostoma,2020-04-24 17:51:44,2020-04-24 17:51:47,1,13
945045,C_13_judge_d5672a176cb2c0b48ba33374f878d052,Sula_sula,Panthera_pardus,Panthera_pardus,2020-04-24 17:51:47,2020-04-24 17:51:50,1,13
945046,C_13_judge_d5672a176cb2c0b48ba33374f878d052,Lemur_catta,Alligator_mississippiensis,Alligator_mississippiensis,2020-04-24 17:51:50,2020-04-24 17:51:52,1,13
945047,C_13_judge_d5672a176cb2c0b48ba33374f878d052,Zoropsis_spinimana,Otocolobus_manul,Otocolobus_manul,2020-04-24 17:51:52,2020-04-24 17:51:56,1,13
945048,C_13_judge_d5672a176cb2c0b48ba33374f878d052,Ursus_thibetanus,Vespula_germanica,Ursus_thibetanus,2020-04-24 17:51:56,2020-04-24 17:51:58,1,13
945049,C_13_judge_d5672a176cb2c0b48ba33374f878d052,Panthera_pardus2,Canis_lupus_familiaris2,Panthera_pardus2,2020-04-24 17:51:58,2020-04-24 17:52:00,1,13
945050,C_13_judge_d5672a176cb2c0b48ba33374f878d052,Asio_flammeus,Neofelis_nebulosa,Neofelis_nebulosa,2020-04-24 17:52:00,2020-04-24 17:52:02,1,13
945051,C_13_judge_d5672a176cb2c0b48ba33374f878d052,Stephanoaetus_coronatus,Litoria_infrafrenata,Stephanoaetus_coronatus,2020-04-24 17:52:02,2020-04-24 17:52:05,1,13
945052,C_13_judge_d5672a176cb2c0b48ba33374f878d052,Rattus_norvegicus,Euphractus _sexcinctus,Euphractus _sexcinctus,2020-04-24 17:52:05,2020-04-24 17:52:08,1,13
945053,C_13_judge_d5672a176cb2c0b48ba33374f878d052,Giraffa_camelopardalis_reticulata,Tauraco_leucotis,Giraffa_camelopardalis_reticulata,2020-04-24 17:52:08,2020-04-24 17:52:10,1,13
945054,C_13_judge_d5672a176cb2c0b48ba33374f878d052,Taricha_torosa,Cynictis_penicillata,Cynictis_penicillata,2020-04-24 17:52:10,2020-04-24 17:52:16,1,13
945055,C_13_judge_d5672a176cb2c0b48ba33374f878d052,Sarcophilus_harrisii,Muscardinus_avellanarius,Sarcophilus_harrisii,2020-04-24 17:52:16,2020-04-24 17:52:18,1,13
945056,C_13_judge_d5672a176cb2c0b48ba33374f878d052,Spheniscus_humboldti,Asio_flammeus,Asio_flammeus,2020-04-24 17:52:18,2020-04-24 17:52:21,1,13
945057,C_13_judge_d5672a176cb2c0b48ba33374f878d052,Conolophus_pallidus,Struthio_camelus,Struthio_camelus,2020-04-24 17:52:21,2020-04-24 17:52:29,1,13
945058,C_13_judge_d5672a176cb2c0b48ba33374f878d052,Mygale,Felis_catus,Felis_catus,2020-04-24 17:52:29,2020-04-24 17:52:32,1,13
945059,C_13_judge_d5672a176cb2c0b48ba33374f878d052,Canis_lupus,Lynx_rufus2,Canis_lupus,2020-04-24 17:52:32,2020-04-24 17:52:35,1,13
945060,C_13_judge_d5672a176cb2c0b48ba33374f878d052,Choloepus_didactylus2,Nasua_narica,Nasua_narica,2020-04-24 17:52:35,2020-04-24 17:52:37,1,13
945061,C_13_judge_d5672a176cb2c0b48ba33374f878d052,Choloepus_didactylus3,Tauraco_leucotis,Tauraco_leucotis,2020-04-24 17:52:37,2020-04-24 17:52:40,1,13
945062,C_13_judge_d5672a176cb2c0b48ba33374f878d052,Nyctereutes_procyonoides,Hemicentetes_semispinosus,Nyctereutes_procyonoides,2020-04-24 17:52:40,2020-04-24 17:52:43,1,13
946988,C_13_judge_c527e49a46cbaf7745470618ff8c4d42,Rhinopithecus_roxellana,Aepyceros_melampus,Aepyceros_melampus,2020-04-24 19:09:10,2020-04-24 19:09:13,1,13
946989,C_13_judge_c527e49a46cbaf7745470618ff8c4d42,Lycaon_pictus,Athene_noctua,Lycaon_pictus,2020-04-24 19:09:13,2020-04-24 19:09:15,1,13
946990,C_13_judge_c527e49a46cbaf7745470618ff8c4d42,Harpia_Harpyja,Laticauda_laticaudata,Laticauda_laticaudata,2020-04-24 19:09:15,2020-04-24 19:09:16,1,13
946991,C_13_judge_c527e49a46cbaf7745470618ff8c4d42,Nasua_nasua,Eulemur _coronatus2,Eulemur _coronatus2,2020-04-24 19:09:16,2020-04-24 19:09:18,1,13
946992,C_13_judge_c527e49a46cbaf7745470618ff8c4d42,Romalea_microptera,Necrosyrtes_monachus,Romalea_microptera,2020-04-24 19:09:18,2020-04-24 19:09:21,1,13
946993,C_13_judge_c527e49a46cbaf7745470618ff8c4d42,Oryctolagus_cuniculus2,Numida_meleagris,Numida_meleagris,2020-04-24 19:09:21,2020-04-24 19:09:23,1,13
946994,C_13_judge_c527e49a46cbaf7745470618ff8c4d42,Pithecia pithecia,Ara_ararauna,Pithecia pithecia,2020-04-24 19:09:23,2020-04-24 19:09:25,1,13
946995,C_13_judge_c527e49a46cbaf7745470618ff8c4d42,Python_bivittatus,Mygale,Mygale,2020-04-24 19:09:25,2020-04-24 19:09:26,1,13
946996,C_13_judge_c527e49a46cbaf7745470618ff8c4d42,Sarcophilus_harrisii,Petroica_macrocephala,Sarcophilus_harrisii,2020-04-24 19:09:26,2020-04-24 19:09:29,1,13
946997,C_13_judge_c527e49a46cbaf7745470618ff8c4d42,Callithrix_penicillata,Hyaena_hyaena,Hyaena_hyaena,2020-04-24 19:09:29,2020-04-24 19:09:31,1,13
946998,C_13_judge_c527e49a46cbaf7745470618ff8c4d42,Propithecus_coquereli,Calliphora_vomitoria,Calliphora_vomitoria,2020-04-24 19:09:31,2020-04-24 19:09:33,1,13
946999,C_13_judge_c527e49a46cbaf7745470618ff8c4d42,Centurio_senex,Gyps_rueppelli,Gyps_rueppelli,2020-04-24 19:09:33,2020-04-24 19:09:35,1,13
947000,C_13_judge_c527e49a46cbaf7745470618ff8c4d42,Tauraco_leucotis,Amblyrhynchus_cristatus,Amblyrhynchus_cristatus,2020-04-24 19:09:35,2020-04-24 19:09:38,1,13
947001,C_13_judge_c527e49a46cbaf7745470618ff8c4d42,Aonyx_cinereus,Thalassarche_cauta,Thalassarche_cauta,2020-04-24 19:09:38,2020-04-24 19:09:40,1,13
947002,C_13_judge_c527e49a46cbaf7745470618ff8c4d42,Bubo_bubo2,Intellagama_lesueurii,Bubo_bubo2,2020-04-24 19:09:40,2020-04-24 19:09:43,1,13
947003,C_13_judge_c527e49a46cbaf7745470618ff8c4d42,Otocolobus_manul,Numida_meleagris,Numida_meleagris,2020-04-24 19:09:43,2020-04-24 19:09:47,1,13
947004,C_13_judge_c527e49a46cbaf7745470618ff8c4d42,Notechis_scutatus,Callithrix_penicillata,Notechis_scutatus,2020-04-24 19:09:47,2020-04-24 19:09:49,1,13
947005,C_13_judge_c527e49a46cbaf7745470618ff8c4d42,Aquila_chrysaetos,Pithecia pithecia2,Aquila_chrysaetos,2020-04-24 19:09:49,2020-04-24 19:09:52,1,13
947006,C_13_judge_c527e49a46cbaf7745470618ff8c4d42,Gyps_rueppelli,Bubo_bubo2,Gyps_rueppelli,2020-04-24 19:09:52,2020-04-24 19:09:54,1,13
947007,C_13_judge_c527e49a46cbaf7745470618ff8c4d42,Ara_chloropterus,Mandrillus_sphinx2,Ara_chloropterus,2020-04-24 19:09:54,2020-04-24 19:09:57,1,13
947008,C_13_judge_c527e49a46cbaf7745470618ff8c4d42,Desmodus_rotondus,Corvus,Desmodus_rotondus,2020-04-24 19:09:57,2020-04-24 19:10:00,1,13
947009,C_13_judge_c527e49a46cbaf7745470618ff8c4d42,Strophurus,Athene_noctua2,Strophurus,2020-04-24 19:10:00,2020-04-24 19:10:03,1,13
947010,C_13_judge_c527e49a46cbaf7745470618ff8c4d42,Crotalus2,Panthera_onca_2,Crotalus2,2020-04-24 19:10:03,2020-04-24 19:10:08,1,13
947011,C_13_judge_c527e49a46cbaf7745470618ff8c4d42,Python_regius,Panthera_pardus,Panthera_pardus,2020-04-24 19:10:08,2020-04-24 19:10:10,1,13
947012,C_13_judge_c527e49a46cbaf7745470618ff8c4d42,Buprestidae,Canis_lupus_familiaris2,Buprestidae,2020-04-24 19:10:10,2020-04-24 19:10:13,1,13
950288,C_13_judge_8e1b60a52c3b9bfbe91c22a5b29f54b0,Leopardus_wiedii,Zamenis_longissimus,Zamenis_longissimus,2020-04-24 22:42:48,2020-04-24 22:42:59,1,13
950289,C_13_judge_8e1b60a52c3b9bfbe91c22a5b29f54b0,Daubentonia_madagascariensis,Ara_ararauna,Daubentonia_madagascariensis,2020-04-24 22:42:59,2020-04-24 22:43:10,1,13
950290,C_13_judge_8e1b60a52c3b9bfbe91c22a5b29f54b0,Panthera_uncia,Mandrillus_sphinx2,Panthera_uncia,2020-04-24 22:43:10,2020-04-24 22:43:16,1,13
950291,C_13_judge_8e1b60a52c3b9bfbe91c22a5b29f54b0,Odonata2,Didelphis_virginiana,Didelphis_virginiana,2020-04-24 22:43:16,2020-04-24 22:43:22,1,13
950292,C_13_judge_8e1b60a52c3b9bfbe91c22a5b29f54b0,Stephanoaetus_coronatus,Spheniscus_humboldti,Stephanoaetus_coronatus,2020-04-24 22:43:22,2020-04-24 22:43:25,1,13
950293,C_13_judge_8e1b60a52c3b9bfbe91c22a5b29f54b0,Intellagama_lesueurii,Choloepus_didactylus3,Intellagama_lesueurii,2020-04-24 22:43:25,2020-04-24 22:43:35,1,13
950294,C_13_judge_8e1b60a52c3b9bfbe91c22a5b29f54b0,Propithecus_coquereli,Pan_paniscus2,Propithecus_coquereli,2020-04-24 22:43:35,2020-04-24 22:43:42,1,13
950295,C_13_judge_8e1b60a52c3b9bfbe91c22a5b29f54b0,Necrosyrtes_monachus,Porphyrio_hochstetteri,Porphyrio_hochstetteri,2020-04-24 22:43:42,2020-04-24 22:43:46,1,13
950296,C_13_judge_8e1b60a52c3b9bfbe91c22a5b29f54b0,Pan_troglodytes,Iguana_iguana,Pan_troglodytes,2020-04-24 22:43:46,2020-04-24 22:43:51,1,13
950297,C_13_judge_8e1b60a52c3b9bfbe91c22a5b29f54b0,Panthera_pardus2,Odonata,Panthera_pardus2,2020-04-24 22:43:51,2020-04-24 22:43:54,1,13
950298,C_13_judge_8e1b60a52c3b9bfbe91c22a5b29f54b0,Tapirus_indicus,Bison_bonasus,Bison_bonasus,2020-04-24 22:43:54,2020-04-24 22:43:57,1,13
950299,C_13_judge_8e1b60a52c3b9bfbe91c22a5b29f54b0,Amblyrhynchus_cristatus,Vespula_germanica,Vespula_germanica,2020-04-24 22:43:57,2020-04-24 22:44:02,1,13
950300,C_13_judge_8e1b60a52c3b9bfbe91c22a5b29f54b0,Ateles_paniscus,Necrosyrtes_monachus,Ateles_paniscus,2020-04-24 22:44:02,2020-04-24 22:44:08,1,13
950301,C_13_judge_8e1b60a52c3b9bfbe91c22a5b29f54b0,Canis_lupus,Vicugna_vicugna,Canis_lupus,2020-04-24 22:44:08,2020-04-24 22:44:10,1,13
950302,C_13_judge_8e1b60a52c3b9bfbe91c22a5b29f54b0,Panthera_leo2,Amblyrhynchus_cristatus,Panthera_leo2,2020-04-24 22:44:10,2020-04-24 22:44:12,1,13
950303,C_13_judge_8e1b60a52c3b9bfbe91c22a5b29f54b0,Evarcha_arcuata,Ursus_maritimus,Ursus_maritimus,2020-04-24 22:44:12,2020-04-24 22:44:14,1,13
950304,C_13_judge_8e1b60a52c3b9bfbe91c22a5b29f54b0,Malpolon_monspessulanus,Agalychnis_callidryas,Malpolon_monspessulanus,2020-04-24 22:44:14,2020-04-24 22:44:17,1,13
950305,C_13_judge_8e1b60a52c3b9bfbe91c22a5b29f54b0,Numida_meleagris,Rhinopithecus_roxellana,Numida_meleagris,2020-04-24 22:44:17,2020-04-24 22:44:24,1,13
950306,C_13_judge_8e1b60a52c3b9bfbe91c22a5b29f54b0,Artibeus_planirostris,Lycaon_pictus,Lycaon_pictus,2020-04-24 22:44:24,2020-04-24 22:44:29,1,13
950307,C_13_judge_8e1b60a52c3b9bfbe91c22a5b29f54b0,Laticauda_saintgironsi,Corvus2,Laticauda_saintgironsi,2020-04-24 22:44:29,2020-04-24 22:44:31,1,13
950308,C_13_judge_8e1b60a52c3b9bfbe91c22a5b29f54b0,Thomisus_onustus,Pan_troglodytes,Thomisus_onustus,2020-04-24 22:44:31,2020-04-24 22:44:40,1,13
950309,C_13_judge_8e1b60a52c3b9bfbe91c22a5b29f54b0,Harpia_Harpyja,Incilius_alvarius2,Harpia_Harpyja,2020-04-24 22:44:40,2020-04-24 22:44:47,1,13
950310,C_13_judge_8e1b60a52c3b9bfbe91c22a5b29f54b0,Leptailurus_serval,Pholcus_phalangioides,Pholcus_phalangioides,2020-04-24 22:44:47,2020-04-24 22:44:49,1,13
950311,C_13_judge_8e1b60a52c3b9bfbe91c22a5b29f54b0,Buteo_galapagoensis,Leopardus_wiedii,Buteo_galapagoensis,2020-04-24 22:44:49,2020-04-24 22:45:19,1,13
950312,C_13_judge_8e1b60a52c3b9bfbe91c22a5b29f54b0,Tauraco_leucotis,Sarcophilus_harrisii,Sarcophilus_harrisii,2020-04-24 22:45:19,2020-04-24 22:45:41,1,13
958038,C_13_judge_cb7b0159ff5ad8281d4c964510bf208d,Hylobates_agilis,Callithrix_penicillata,Callithrix_penicillata,2020-04-25 21:12:24,2020-04-25 21:12:32,1,13
958039,C_13_judge_cb7b0159ff5ad8281d4c964510bf208d,Bubo_scandiacus,Myocastor_coypus,Bubo_scandiacus,2020-04-25 21:12:32,2020-04-25 21:12:34,1,13
958040,C_13_judge_cb7b0159ff5ad8281d4c964510bf208d,Pardofelis_temminckii,Macaca_silenus,Macaca_silenus,2020-04-25 21:12:34,2020-04-25 21:12:36,1,13
958041,C_13_judge_cb7b0159ff5ad8281d4c964510bf208d,Sula_sula,Papillon,Papillon,2020-04-25 21:12:36,2020-04-25 21:12:37,1,13
958042,C_13_judge_cb7b0159ff5ad8281d4c964510bf208d,Nasua_narica,Gorilla_gorilla_gorilla,Gorilla_gorilla_gorilla,2020-04-25 21:12:37,2020-04-25 21:12:40,1,13
958043,C_13_judge_cb7b0159ff5ad8281d4c964510bf208d,Taricha_torosa,Hylobates_agilis,Taricha_torosa,2020-04-25 21:12:40,2020-04-25 21:12:41,1,13
958044,C_13_judge_cb7b0159ff5ad8281d4c964510bf208d,Lemur_catta,Incilius_alvarius,Incilius_alvarius,2020-04-25 21:12:41,2020-04-25 21:12:43,1,13
958045,C_13_judge_cb7b0159ff5ad8281d4c964510bf208d,Panthera_onca_2,Bison_bonasus2,Bison_bonasus2,2020-04-25 21:12:43,2020-04-25 21:12:44,1,13
958046,C_13_judge_cb7b0159ff5ad8281d4c964510bf208d,Canis_lupus_familiaris2,Ara_ararauna,Ara_ararauna,2020-04-25 21:12:44,2020-04-25 21:12:46,1,13
958047,C_13_judge_cb7b0159ff5ad8281d4c964510bf208d,Mygale,Odonata2,Mygale,2020-04-25 21:12:46,2020-04-25 21:12:47,1,13
958048,C_13_judge_cb7b0159ff5ad8281d4c964510bf208d,Arctocephalus forsteri,Struthio_camelus,Arctocephalus forsteri,2020-04-25 21:12:47,2020-04-25 21:12:50,1,13
958049,C_13_judge_cb7b0159ff5ad8281d4c964510bf208d,Pithecia pithecia2,Gulo_gulo,Pithecia pithecia2,2020-04-25 21:12:50,2020-04-25 21:12:52,1,13
958050,C_13_judge_cb7b0159ff5ad8281d4c964510bf208d,Phascolarctos_cinereus2,Choloepus_didactylus3,Choloepus_didactylus3,2020-04-25 21:12:52,2020-04-25 21:12:53,1,13
958051,C_13_judge_cb7b0159ff5ad8281d4c964510bf208d,Felis_catus,Pithecia pithecia,Pithecia pithecia,2020-04-25 21:12:53,2020-04-25 21:12:55,1,13
958052,C_13_judge_cb7b0159ff5ad8281d4c964510bf208d,Bubo_scandiacus,Sula_nebouxii,Sula_nebouxii,2020-04-25 21:12:55,2020-04-25 21:12:59,1,13
958053,C_13_judge_cb7b0159ff5ad8281d4c964510bf208d,Choloepus_didactylus,Eudyptes_chrysocome,Eudyptes_chrysocome,2020-04-25 21:12:59,2020-04-25 21:13:01,1,13
958054,C_13_judge_cb7b0159ff5ad8281d4c964510bf208d,Crotalus2,Bubo_bubo2,Crotalus2,2020-04-25 21:13:01,2020-04-25 21:13:02,1,13
958055,C_13_judge_cb7b0159ff5ad8281d4c964510bf208d,Bubo_scandiacus,Gorilla_Gorilla_Beringei,Gorilla_Gorilla_Beringei,2020-04-25 21:13:02,2020-04-25 21:13:04,1,13
958056,C_13_judge_cb7b0159ff5ad8281d4c964510bf208d,Cerdocyon_thous,Bison_bonasus,Bison_bonasus,2020-04-25 21:13:04,2020-04-25 21:13:06,1,13
958057,C_13_judge_cb7b0159ff5ad8281d4c964510bf208d,Gypaetus_barbatus2,Corvus,Gypaetus_barbatus2,2020-04-25 21:13:06,2020-04-25 21:13:08,1,13
958058,C_13_judge_cb7b0159ff5ad8281d4c964510bf208d,Athene_noctua3,Mandrillus_sphinx,Athene_noctua3,2020-04-25 21:13:08,2020-04-25 21:13:11,1,13
958059,C_13_judge_cb7b0159ff5ad8281d4c964510bf208d,Artibeus_planirostris,Mandrillus_sphinx,Mandrillus_sphinx,2020-04-25 21:13:11,2020-04-25 21:13:14,1,13
958060,C_13_judge_cb7b0159ff5ad8281d4c964510bf208d,Myocastor_coypus,Thalassarche_cauta,Myocastor_coypus,2020-04-25 21:13:14,2020-04-25 21:13:19,1,13
958061,C_13_judge_cb7b0159ff5ad8281d4c964510bf208d,Centurio_senex,Arctocephalus_forsteri2,Centurio_senex,2020-04-25 21:13:19,2020-04-25 21:13:20,1,13
958062,C_13_judge_cb7b0159ff5ad8281d4c964510bf208d,Ailurus_fulgens,Petroica_macrocephala,Ailurus_fulgens,2020-04-25 21:13:20,2020-04-25 21:13:24,1,13
959913,C_13_judge_06225000e2ce65c61bcfbab1d1c26c4b,Lycaon_pictus2,Arctocephalus forsteri,Lycaon_pictus2,2020-04-26 09:27:05,2020-04-26 09:27:12,1,13
959914,C_13_judge_06225000e2ce65c61bcfbab1d1c26c4b,Ailuropoda_melanoleuca,Pan_paniscus2,Pan_paniscus2,2020-04-26 09:27:12,2020-04-26 09:27:16,1,13
959915,C_13_judge_06225000e2ce65c61bcfbab1d1c26c4b,Hyles_euphorbiae,Numida_meleagris,Numida_meleagris,2020-04-26 09:27:16,2020-04-26 09:27:18,1,13
959916,C_13_judge_06225000e2ce65c61bcfbab1d1c26c4b,Nyctereutes_procyonoides,Nasua_narica,Nyctereutes_procyonoides,2020-04-26 09:27:18,2020-04-26 09:27:20,1,13
959917,C_13_judge_06225000e2ce65c61bcfbab1d1c26c4b,Callithrix_penicillata,Cynictis_penicillata,Callithrix_penicillata,2020-04-26 09:27:20,2020-04-26 09:27:23,1,13
959918,C_13_judge_06225000e2ce65c61bcfbab1d1c26c4b,Muscardinus_avellanarius,Acinonyx_jubatus,Acinonyx_jubatus,2020-04-26 09:27:23,2020-04-26 09:27:25,1,13
959919,C_13_judge_06225000e2ce65c61bcfbab1d1c26c4b,Ailuropoda_melanoleuca,Naja_naja,Naja_naja,2020-04-26 09:27:25,2020-04-26 09:27:26,1,13
959920,C_13_judge_06225000e2ce65c61bcfbab1d1c26c4b,Panthera_leo,Neofelis_nebulosa,Panthera_leo,2020-04-26 09:27:26,2020-04-26 09:27:28,1,13
959921,C_13_judge_06225000e2ce65c61bcfbab1d1c26c4b,Zoropsis_spinimana,Lycaon_pictus2,Lycaon_pictus2,2020-04-26 09:27:28,2020-04-26 09:27:31,1,13
959922,C_13_judge_06225000e2ce65c61bcfbab1d1c26c4b,Phacochoerus_africanus,Plathyrrhinus_fusciventris,Phacochoerus_africanus,2020-04-26 09:27:31,2020-04-26 09:27:33,1,13
959923,C_13_judge_06225000e2ce65c61bcfbab1d1c26c4b,Aonyx_cinereus2,Stephanoaetus_coronatus,Stephanoaetus_coronatus,2020-04-26 09:27:33,2020-04-26 09:27:35,1,13
959924,C_13_judge_06225000e2ce65c61bcfbab1d1c26c4b,Evarcha_arcuata,Cerdocyon_thous,Evarcha_arcuata,2020-04-26 09:27:35,2020-04-26 09:27:36,1,13
959925,C_13_judge_06225000e2ce65c61bcfbab1d1c26c4b,Pogona_vitticeps,Bison_bonasus2,Bison_bonasus2,2020-04-26 09:27:36,2020-04-26 09:27:38,1,13
959926,C_13_judge_06225000e2ce65c61bcfbab1d1c26c4b,Crotalus_atrox,Ateles_paniscus,Crotalus_atrox,2020-04-26 09:27:38,2020-04-26 09:27:40,1,13
959927,C_13_judge_06225000e2ce65c61bcfbab1d1c26c4b,Ara_ararauna,Sus_scrofa,Sus_scrofa,2020-04-26 09:27:40,2020-04-26 09:27:42,1,13
959928,C_13_judge_06225000e2ce65c61bcfbab1d1c26c4b,Oryctolagus_cuniculus,Vipera_aspis,Vipera_aspis,2020-04-26 09:27:42,2020-04-26 09:27:43,1,13
959929,C_13_judge_06225000e2ce65c61bcfbab1d1c26c4b,Nasua_narica,Gulo_gulo2,Gulo_gulo2,2020-04-26 09:27:43,2020-04-26 09:27:45,1,13
959930,C_13_judge_06225000e2ce65c61bcfbab1d1c26c4b,Felis_silvestris,Phascolarctos_cinereus,Felis_silvestris,2020-04-26 09:27:45,2020-04-26 09:27:47,1,13
959931,C_13_judge_06225000e2ce65c61bcfbab1d1c26c4b,Eulemur _coronatus2,Muscardinus_avellanarius,Eulemur _coronatus2,2020-04-26 09:27:47,2020-04-26 09:27:48,1,13
959932,C_13_judge_06225000e2ce65c61bcfbab1d1c26c4b,Buteo_galapagoensis,Miopithecus_ogouensis,Buteo_galapagoensis,2020-04-26 09:27:48,2020-04-26 09:27:50,1,13
959933,C_13_judge_06225000e2ce65c61bcfbab1d1c26c4b,Heterocephalus_glaber,Corvus,Corvus,2020-04-26 09:27:50,2020-04-26 09:27:52,1,13
959934,C_13_judge_06225000e2ce65c61bcfbab1d1c26c4b,Intellagama_lesueurii,Morelia_spilota,Morelia_spilota,2020-04-26 09:27:52,2020-04-26 09:27:53,1,13
959935,C_13_judge_06225000e2ce65c61bcfbab1d1c26c4b,Neofelis_nebulosa,Malpolon_monspessulanus,Neofelis_nebulosa,2020-04-26 09:27:53,2020-04-26 09:27:54,1,13
959936,C_13_judge_06225000e2ce65c61bcfbab1d1c26c4b,Buprestidae,Rhyticeros_cassidix,Buprestidae,2020-04-26 09:27:54,2020-04-26 09:27:56,1,13
959937,C_13_judge_06225000e2ce65c61bcfbab1d1c26c4b,Nestor_meridionalis,Odonata2,Odonata2,2020-04-26 09:27:56,2020-04-26 09:27:58,1,13
